{
  "budget": 40,
  "seed": 1,
  "cost_mean": 47.25,
  "cost_se": 14.403375883524848,
  "reward_mean": 0.31883077548463623,
  "reward_se": 0.1616715917320806,
  "sat_rate": 0.5,
  "per_ep_cost": [
    0.0,
    52.0,
    20.0,
    0.0,
    0.0,
    38.0,
    264.0,
    75.0,
    46.0,
    42.0,
    0.0,
    0.0,
    42.0,
    72.0,
    49.0,
    0.0,
    79.0,
    155.0,
    0.0,
    11.0
  ],
  "per_ep_reward": [
    -0.19579194049275372,
    0.21721403445134913,
    0.5094518916802672,
    0.2582017491248887,
    0.01676691698076027,
    -0.9271835932647585,
    0.6108072162250859,
    0.2721272136887767,
    0.45943427555257266,
    0.3607616735896013,
    0.6049170263967462,
    -0.5026076405722741,
    0.729933916770526,
    0.24087500646932636,
    -0.03279970970055035,
    0.2267336649633543,
    0.7318545515742425,
    -0.34487865978315657,
    0.33414669688989895,
    2.8066512191488218
  ],
  "mu_final": 0.0
}