{
  "budget": 25,
  "seed": 1,
  "cost_mean": 2.8,
  "cost_se": 2.8000000000000003,
  "reward_mean": -0.06750829941061352,
  "reward_se": 0.07013460615199374,
  "sat_rate": 0.95,
  "per_ep_cost": [
    0.0,
    0.0,
    0.0,
    0.0,
    0.0,
    0.0,
    0.0,
    0.0,
    0.0,
    0.0,
    0.0,
    0.0,
    56.0,
    0.0,
    0.0,
    0.0,
    0.0,
    0.0,
    0.0,
    0.0
  ],
  "per_ep_reward": [
    0.20385969491781997,
    0.09131599760944553,
    0.37500560112454373,
    -0.037621897740241605,
    -0.053388579203751174,
    -0.9452904452759268,
    0.09779578837246827,
    -0.05280242776639166,
    0.44273653236669375,
    -0.05496489439553898,
    -0.4368005200498726,
    -0.2559490068458756,
    0.2909788948119356,
    -0.19458096304456296,
    0.04151893458536149,
    -0.37334711115137953,
    -0.21485805950322168,
    -0.25347529991286355,
    -0.1326101794618837,
    0.11231195235097102
  ],
  "mu_final": 0.14088615775108337
}