{
  "budget": 25,
  "seed": 1,
  "total_steps": 500000,
  "cost_mean": 0.0,
  "cost_se": 0.0,
  "reward_mean": -9.455183322445944,
  "reward_se": 2.1603060217434003,
  "sat_rate": 1.0,
  "per_ep_cost": [
    0.0,
    0.0,
    0.0,
    0.0,
    0.0,
    0.0,
    0.0,
    0.0,
    0.0,
    0.0,
    0.0,
    0.0,
    0.0,
    0.0,
    0.0,
    0.0,
    0.0,
    0.0,
    0.0,
    0.0
  ],
  "per_ep_reward": [
    -1.7403387355444777,
    -0.21607288899821642,
    -7.869504386763031,
    0.11904839213721108,
    -0.6403158649366059,
    -3.7811102004148585,
    -20.237326369042993,
    -22.49887233397513,
    -5.02103886480527,
    -18.025418571766608,
    -11.869047845697779,
    -24.111191446157775,
    -9.353844596660297,
    -0.031059069397516348,
    0.46915600103734256,
    0.5768464008004082,
    -23.798842853492282,
    -19.55064645476169,
    -21.37598658351201,
    -0.14810017696732003
  ]
}