{
  "budget": 10,
  "seed": 1,
  "cost_mean": 25.85,
  "cost_se": 15.43786783069135,
  "reward_mean": -0.007158281675127898,
  "reward_se": 0.12812835060054328,
  "sat_rate": 0.85,
  "per_ep_cost": [
    0.0,
    0.0,
    0.0,
    148.0,
    0.0,
    0.0,
    0.0,
    0.0,
    0.0,
    0.0,
    0.0,
    268.0,
    101.0,
    0.0,
    0.0,
    0.0,
    0.0,
    0.0,
    0.0,
    0.0
  ],
  "per_ep_reward": [
    0.08294222536480289,
    0.11615275821755189,
    0.0007664570194074738,
    -0.42801604300121787,
    0.9639966933156563,
    -0.4217742921398391,
    -0.47398186800295417,
    0.3907561338276213,
    0.11769232625577164,
    0.1501285599864719,
    -0.9538234389984095,
    -0.16180739337629113,
    0.1273759200718525,
    0.4776947980239914,
    -0.9525735597715861,
    0.48904689116339406,
    -1.1853579813051003,
    0.5752252296897024,
    0.5344271010743411,
    0.40796384908227523
  ],
  "mu_final": 0.041496485471725464
}