{
  "budget": 10,
  "seed": 1,
  "cost_mean": 9.75,
  "cost_se": 5.354720003491263,
  "reward_mean": -0.15203762090253634,
  "reward_se": 0.1825022964035115,
  "sat_rate": 0.85,
  "per_ep_cost": [
    0.0,
    0.0,
    0.0,
    69.0,
    0.0,
    56.0,
    0.0,
    0.0,
    70.0,
    0.0,
    0.0,
    0.0,
    0.0,
    0.0,
    0.0,
    0.0,
    0.0,
    0.0,
    0.0,
    0.0
  ],
  "per_ep_reward": [
    1.9889244924656126,
    -0.25949143657113716,
    -1.2784245759035062,
    -1.0046984916823776,
    -0.31433505322831423,
    -0.8454860213623312,
    0.3345823621695443,
    -0.1483491582920078,
    0.8363792158660867,
    0.4919676595090503,
    -0.1425552477483396,
    0.3929479352280112,
    -0.13569052507825163,
    -0.20261988270158016,
    0.49312135044424066,
    -1.7055757826310407,
    -0.6521487046644958,
    -0.5653976991309695,
    0.27342529962622997,
    -0.5973281543651512
  ],
  "mu_final": 0.5804293751716614
}