{
  "budget": 25,
  "seed": 1,
  "cost_mean": 15.25,
  "cost_se": 11.141405703618892,
  "reward_mean": 0.45285245207000846,
  "reward_se": 0.27214366099074844,
  "sat_rate": 0.9,
  "per_ep_cost": [
    0.0,
    0.0,
    0.0,
    0.0,
    0.0,
    0.0,
    19.0,
    0.0,
    0.0,
    0.0,
    0.0,
    54.0,
    220.0,
    12.0,
    0.0,
    0.0,
    0.0,
    0.0,
    0.0,
    0.0
  ],
  "per_ep_reward": [
    -0.09841620854502287,
    -0.9993579232991521,
    -0.10364480128671039,
    -1.0021207100434026,
    0.11638701210510627,
    -0.6681823681158505,
    0.5590383366416571,
    0.9974419312892251,
    -0.24493331302822874,
    -0.43380621923041907,
    2.4680858627735267,
    1.6051235324755044,
    3.533688585473193,
    -0.7565193530012468,
    1.8795839174845335,
    0.4559756875658658,
    -0.14305622794426442,
    0.01855520231353025,
    1.6304973884404035,
    0.2427087093319209
  ],
  "mu_final": 0.0
}