{
  "budget": 10,
  "seed": 1,
  "total_steps": 500000,
  "cost_mean": 4.8,
  "cost_se": 4.800000000000001,
  "reward_mean": -1.046215426867326,
  "reward_se": 0.40304903327192987,
  "sat_rate": 0.95,
  "per_ep_cost": [
    0.0,
    0.0,
    0.0,
    0.0,
    0.0,
    0.0,
    0.0,
    0.0,
    96.0,
    0.0,
    0.0,
    0.0,
    0.0,
    0.0,
    0.0,
    0.0,
    0.0,
    0.0,
    0.0,
    0.0
  ],
  "per_ep_reward": [
    0.5993475325950665,
    -0.15409881926150115,
    -2.187463711414092,
    -0.19506239155218896,
    -0.05153508170575982,
    -0.41417455400870784,
    -0.2260884941888759,
    0.18810628048522027,
    -2.8967512252477854,
    -7.194313207717016,
    -2.905815816101026,
    0.9026635921830611,
    -2.30744441902785,
    -0.2002683371480245,
    -0.6499738924891938,
    -0.748396179293382,
    -0.2075782191132045,
    -0.46340171516683615,
    -1.4063340148862666,
    -0.4057258642881656
  ]
}