{
  "budget": 40,
  "seed": 1,
  "cost_mean": 34.4,
  "cost_se": 19.96963484366886,
  "reward_mean": 0.26231166133551964,
  "reward_se": 0.16856647313334994,
  "sat_rate": 0.8,
  "per_ep_cost": [
    0.0,
    0.0,
    0.0,
    0.0,
    0.0,
    283.0,
    60.0,
    0.0,
    0.0,
    0.0,
    0.0,
    46.0,
    299.0,
    0.0,
    0.0,
    0.0,
    0.0,
    0.0,
    0.0,
    0.0
  ],
  "per_ep_reward": [
    1.7768593612118249,
    -0.33824683205070505,
    0.3456146111806073,
    -0.5647303468261125,
    -0.8526362814832547,
    0.2269831060111327,
    0.8990675576016234,
    -0.1198499722344677,
    -0.07181148772087687,
    0.17823003142481975,
    -0.06235165313505209,
    2.4597838708239372,
    0.5807849347048689,
    0.3068533046071986,
    -0.05780022756375347,
    0.22979463605629347,
    0.08790195498679876,
    -0.2755819652623246,
    0.05350840703969495,
    0.44386021733813985
  ],
  "mu_final": 0.021277202293276787
}