{
  "safety_gym": {
    "grad_a_mean": 0.9948847889900208,
    "grad_a_std": 0.689134955406189,
    "grad_s_mean": 49.809913635253906,
    "grad_s_std": 12.538623809814453,
    "kappa": 0.01997363007443306,
    "n_samples": 2000
  },
  "wind_farm": {
    "grad_a_mean": 0.6947137713432312,
    "grad_a_std": 0.33907732367515564,
    "grad_s_mean": 0.9707643985748291,
    "grad_s_std": 0.2643387019634247,
    "kappa": 0.7156358147900094,
    "n_samples": 2000
  }
}