{
  "B10_seed1": {
    "budget": 10,
    "seed": 1,
    "eval_at": [
      0,
      50000,
      200000,
      500000
    ],
    "evals": [
      {
        "cost_mean": 57.95,
        "cost_se": 7.454237579708392,
        "reward_mean": 26.612331014151447,
        "reward_se": 0.24857099689616435,
        "sat_rate": 0.0,
        "steps": 0
      },
      {
        "cost_mean": 1.8,
        "cost_se": 1.2409673645990857,
        "reward_mean": -5.736380038921751,
        "reward_se": 0.9731882613211931,
        "sat_rate": 1.0,
        "steps": 50000,
        "mu": 50.000003814697266
      },
      {
        "cost_mean": 8.65,
        "cost_se": 5.771652595592576,
        "reward_mean": 0.05557344654621884,
        "reward_se": 0.35517186105405246,
        "sat_rate": 1.0,
        "steps": 200000,
        "mu": 0.4107325077056885
      },
      {
        "cost_mean": 23.6,
        "cost_se": 15.009716151458978,
        "reward_mean": 0.06817891322987653,
        "reward_se": 0.11976161530066173,
        "sat_rate": 0.0,
        "steps": 500000,
        "mu": 1.748936414718628
      }
    ]
  }
}