{
  "B25_seed1": {
    "budget": 25,
    "seed": 1,
    "eval_at": [
      0,
      50000,
      200000,
      500000
    ],
    "evals": [
      {
        "cost_mean": 57.95,
        "cost_se": 7.454237579708392,
        "reward_mean": 26.612331014151447,
        "reward_se": 0.24857099689616435,
        "sat_rate": 0.0,
        "steps": 0
      },
      {
        "cost_mean": 107.3,
        "cost_se": 38.98468660222478,
        "reward_mean": 4.834676706430065,
        "reward_se": 0.4993823471434222,
        "sat_rate": 0.0,
        "steps": 50000,
        "mu": 0.0
      },
      {
        "cost_mean": 77.65,
        "cost_se": 35.69389414097835,
        "reward_mean": 2.0528920804081934,
        "reward_se": 0.5882168898646685,
        "sat_rate": 0.0,
        "steps": 200000,
        "mu": 0.1469343900680542
      },
      {
        "cost_mean": 3.15,
        "cost_se": 3.1500000000000004,
        "reward_mean": -0.31697675167650297,
        "reward_se": 0.17013258507540582,
        "sat_rate": 1.0,
        "steps": 500000,
        "mu": 0.832075297832489
      }
    ]
  }
}