{
  "B25_seed1": {
    "budget": 25,
    "seed": 1,
    "eval_at": [
      0,
      50000,
      200000,
      500000
    ],
    "evals": [
      {
        "cost_mean": 57.95,
        "cost_se": 7.454237579708392,
        "reward_mean": 26.612331014151447,
        "reward_se": 0.24857099689616435,
        "sat_rate": 0.0,
        "steps": 0
      },
      {
        "cost_mean": 80.2,
        "cost_se": 21.77874386209008,
        "reward_mean": 7.163520078571875,
        "reward_se": 0.497606767234735,
        "sat_rate": 0.0,
        "steps": 50000,
        "mu": 0.049750614911317825
      },
      {
        "cost_mean": 83.05,
        "cost_se": 20.563441627775912,
        "reward_mean": 8.076522136949249,
        "reward_se": 0.7747865026573909,
        "sat_rate": 0.0,
        "steps": 200000,
        "mu": 1.597532701680393e-07
      },
      {
        "cost_mean": 24.1,
        "cost_se": 11.49230864077087,
        "reward_mean": 2.3233598386353287,
        "reward_se": 0.607855247418469,
        "sat_rate": 1.0,
        "steps": 500000,
        "mu": 0.39131441712379456
      }
    ]
  }
}