{
  "B10_seed1": {
    "budget": 10,
    "seed": 1,
    "eval_at": [
      0,
      50000,
      200000,
      500000
    ],
    "evals": [
      {
        "cost_mean": 57.95,
        "cost_se": 7.454237579708392,
        "reward_mean": 26.612331014151447,
        "reward_se": 0.24857099689616435,
        "sat_rate": 0.0,
        "steps": 0
      },
      {
        "cost_mean": 80.2,
        "cost_se": 21.77874386209008,
        "reward_mean": 7.163520078571875,
        "reward_se": 0.497606767234735,
        "sat_rate": 0.0,
        "steps": 50000,
        "mu": 0.05025063082575798
      },
      {
        "cost_mean": 52.95,
        "cost_se": 33.79298237644521,
        "reward_mean": 0.8323803951469004,
        "reward_se": 0.35003530102883007,
        "sat_rate": 0.0,
        "steps": 200000,
        "mu": 0.5116539001464844
      },
      {
        "cost_mean": 10.45,
        "cost_se": 9.040399094590551,
        "reward_mean": -0.2378120489127145,
        "reward_se": 0.12359568333461886,
        "sat_rate": 0.0,
        "steps": 500000,
        "mu": 1.2005401849746704
      }
    ]
  }
}