{
  "unconstrained": {
    "reward": 26.63151858939231,
    "reward_std": 1.2442759965978865,
    "cost": 36.55,
    "cost_std": 22.424261414815874,
    "budget": 1000,
    "utilization": 3.6549999999999994,
    "goal_rate": 100.0
  },
  "B10_ra0.0_none": {
    "reward": 26.349952299912893,
    "reward_std": 1.967541002715019,
    "cost": 64.15,
    "cost_std": 47.475546337035446,
    "budget": 10,
    "utilization": 641.5000000000001,
    "goal_rate": 100.0,
    "pct_unconstrained": 98.94273288046153,
    "budget_used_pct": 641.5000000000001
  },
  "B10_ra0.0_grad": {
    "reward": 23.238557660805913,
    "reward_std": 2.347139885310686,
    "cost": 74.1,
    "cost_std": 48.321734240401604,
    "budget": 10,
    "utilization": 740.9999999999999,
    "goal_rate": 100.0,
    "pct_unconstrained": 87.2596040019368,
    "budget_used_pct": 740.9999999999999
  },
  "B10_ra0.0_filter": {
    "reward": 9.646853927533696,
    "reward_std": 5.909553763404974,
    "cost": 135.55,
    "cost_std": 224.3823689597737,
    "budget": 10,
    "utilization": 1355.5000000000002,
    "goal_rate": 100.0,
    "pct_unconstrained": 36.223446647072414,
    "budget_used_pct": 1355.5000000000002
  },
  "B10_ra2.0_none": {
    "reward": 26.495083110518454,
    "reward_std": 1.0439105860380347,
    "cost": 50.4,
    "cost_std": 30.48507831710458,
    "budget": 10,
    "utilization": 504.0,
    "goal_rate": 100.0,
    "pct_unconstrained": 99.48769170478997,
    "budget_used_pct": 504.0
  },
  "B10_ra2.0_grad": {
    "reward": 23.720270066248275,
    "reward_std": 2.4201641881730422,
    "cost": 59.3,
    "cost_std": 41.95962344921603,
    "budget": 10,
    "utilization": 593.0,
    "goal_rate": 100.0,
    "pct_unconstrained": 89.06840962383714,
    "budget_used_pct": 593.0
  },
  "B10_ra2.0_filter": {
    "reward": 9.72612252292944,
    "reward_std": 8.07029213281876,
    "cost": 71.85,
    "cost_std": 165.40866815254876,
    "budget": 10,
    "utilization": 718.4999999999999,
    "goal_rate": 90.0,
    "pct_unconstrained": 36.52109619765913,
    "budget_used_pct": 718.4999999999999
  },
  "B10_ra5.0_none": {
    "reward": 26.646457027455114,
    "reward_std": 0.8457578343296731,
    "cost": 51.55,
    "cost_std": 36.88966657480114,
    "budget": 10,
    "utilization": 515.5,
    "goal_rate": 100.0,
    "pct_unconstrained": 100.05609307637737,
    "budget_used_pct": 515.5
  },
  "B10_ra5.0_grad": {
    "reward": 24.195687074732838,
    "reward_std": 2.457277376985488,
    "cost": 52.55,
    "cost_std": 39.87916122488035,
    "budget": 10,
    "utilization": 525.5,
    "goal_rate": 100.0,
    "pct_unconstrained": 90.85357634983046,
    "budget_used_pct": 525.5
  },
  "B10_ra5.0_filter": {
    "reward": 10.543712633374147,
    "reward_std": 7.930689083724952,
    "cost": 108.4,
    "cost_std": 202.91190206589658,
    "budget": 10,
    "utilization": 1084.0,
    "goal_rate": 100.0,
    "pct_unconstrained": 39.59110554654532,
    "budget_used_pct": 1084.0
  },
  "B25_ra0.0_none": {
    "reward": 26.54965242838265,
    "reward_std": 1.5847289217994436,
    "cost": 50.0,
    "cost_std": 29.42447960457415,
    "budget": 25,
    "utilization": 200.0,
    "goal_rate": 100.0,
    "pct_unconstrained": 99.692596722433,
    "budget_used_pct": 200.0
  },
  "B25_ra0.0_grad": {
    "reward": 24.17614926092046,
    "reward_std": 1.5289861336912263,
    "cost": 63.05,
    "cost_std": 33.12472641396454,
    "budget": 25,
    "utilization": 252.2,
    "goal_rate": 100.0,
    "pct_unconstrained": 90.78021285106192,
    "budget_used_pct": 252.2
  },
  "B25_ra0.0_filter": {
    "reward": 19.563493350422604,
    "reward_std": 7.688636143870348,
    "cost": 47.5,
    "cost_std": 49.19806906779981,
    "budget": 25,
    "utilization": 190.0,
    "goal_rate": 100.0,
    "pct_unconstrained": 73.45992412995557,
    "budget_used_pct": 190.0
  },
  "B25_ra2.0_none": {
    "reward": 27.331642916046683,
    "reward_std": 1.3408141209721318,
    "cost": 43.8,
    "cost_std": 35.75555900835561,
    "budget": 25,
    "utilization": 175.2,
    "goal_rate": 100.0,
    "pct_unconstrained": 102.62893129546596,
    "budget_used_pct": 175.2
  },
  "B25_ra2.0_grad": {
    "reward": 25.65265718928648,
    "reward_std": 1.5075308005081554,
    "cost": 37.65,
    "cost_std": 35.97815309323145,
    "budget": 25,
    "utilization": 150.6,
    "goal_rate": 100.0,
    "pct_unconstrained": 96.32442514751777,
    "budget_used_pct": 150.6
  },
  "B25_ra2.0_filter": {
    "reward": 13.130534671813313,
    "reward_std": 7.829326752220087,
    "cost": 68.95,
    "cost_std": 143.07427266982697,
    "budget": 25,
    "utilization": 275.8,
    "goal_rate": 100.0,
    "pct_unconstrained": 49.3044909464659,
    "budget_used_pct": 275.8
  },
  "B25_ra5.0_none": {
    "reward": 26.791790709086047,
    "reward_std": 1.3699003188573993,
    "cost": 51.2,
    "cost_std": 44.795758727808156,
    "budget": 25,
    "utilization": 204.8,
    "goal_rate": 100.0,
    "pct_unconstrained": 100.60181367110465,
    "budget_used_pct": 204.8
  },
  "B25_ra5.0_grad": {
    "reward": 22.81878898752185,
    "reward_std": 2.746065647926865,
    "cost": 97.95,
    "cost_std": 64.62157147578509,
    "budget": 25,
    "utilization": 391.8,
    "goal_rate": 100.0,
    "pct_unconstrained": 85.68339394889361,
    "budget_used_pct": 391.8
  },
  "B25_ra5.0_filter": {
    "reward": 17.65830626752352,
    "reward_std": 8.175931538415957,
    "cost": 87.5,
    "cost_std": 163.73957982112938,
    "budget": 25,
    "utilization": 350.0,
    "goal_rate": 100.0,
    "pct_unconstrained": 66.3060433758256,
    "budget_used_pct": 350.0
  },
  "B40_ra0.0_none": {
    "reward": 26.541758308671,
    "reward_std": 1.0001899226419129,
    "cost": 46.2,
    "cost_std": 32.58465896706608,
    "budget": 40,
    "utilization": 115.5,
    "goal_rate": 100.0,
    "pct_unconstrained": 99.6629547037657,
    "budget_used_pct": 115.5
  },
  "B40_ra0.0_grad": {
    "reward": 25.242881895873033,
    "reward_std": 1.7833371599859673,
    "cost": 49.05,
    "cost_std": 46.46232344599224,
    "budget": 40,
    "utilization": 122.625,
    "goal_rate": 100.0,
    "pct_unconstrained": 94.78573972844197,
    "budget_used_pct": 122.625
  },
  "B40_ra0.0_filter": {
    "reward": 22.776873198321976,
    "reward_std": 5.767590976190333,
    "cost": 40.8,
    "cost_std": 21.08459153030952,
    "budget": 40,
    "utilization": 101.99999999999999,
    "goal_rate": 100.0,
    "pct_unconstrained": 85.5260022888605,
    "budget_used_pct": 101.99999999999999
  },
  "B40_ra2.0_none": {
    "reward": 27.10950955601781,
    "reward_std": 0.8115606703282456,
    "cost": 61.75,
    "cost_std": 38.37951927786485,
    "budget": 40,
    "utilization": 154.375,
    "goal_rate": 100.0,
    "pct_unconstrained": 101.79483180811135,
    "budget_used_pct": 154.375
  },
  "B40_ra2.0_grad": {
    "reward": 25.108679407726832,
    "reward_std": 2.6025852330243686,
    "cost": 63.95,
    "cost_std": 56.96531839637167,
    "budget": 40,
    "utilization": 159.875,
    "goal_rate": 100.0,
    "pct_unconstrained": 94.28181620002681,
    "budget_used_pct": 159.875
  },
  "B40_ra2.0_filter": {
    "reward": 19.591708740639522,
    "reward_std": 7.527347363117114,
    "cost": 34.65,
    "cost_std": 22.9592573921719,
    "budget": 40,
    "utilization": 86.625,
    "goal_rate": 100.0,
    "pct_unconstrained": 73.56587148749063,
    "budget_used_pct": 86.625
  },
  "B40_ra5.0_none": {
    "reward": 26.51708165751767,
    "reward_std": 1.1049790652317244,
    "cost": 55.4,
    "cost_std": 38.103018253151546,
    "budget": 40,
    "utilization": 138.5,
    "goal_rate": 100.0,
    "pct_unconstrained": 99.57029513172327,
    "budget_used_pct": 138.5
  },
  "B40_ra5.0_grad": {
    "reward": 24.954814610156344,
    "reward_std": 1.9189064338546549,
    "cost": 55.45,
    "cost_std": 41.294642509652505,
    "budget": 40,
    "utilization": 138.625,
    "goal_rate": 100.0,
    "pct_unconstrained": 93.70406169814207,