{
  "unconstrained": {
    "reward": 26.96479444083418,
    "reward_std": 1.3256189431545502,
    "cost": 46.35,
    "cost_std": 32.55652776326124,
    "budget": 1000,
    "utilization": 4.635,
    "goal_rate": 100.0
  },
  "B10_ra0.0_corr0": {
    "reward": 27.30645032147849,
    "reward_std": 1.160918198661624,
    "cost": 41.5,
    "cost_std": 19.5716631894175,
    "budget": 10,
    "utilization": 415.0,
    "goal_rate": 100.0,
    "pct_unconstrained": 101.26704426170936,
    "budget_used_pct": 415.0
  },
  "B10_ra0.0_corr3": {
    "reward": 26.47038325818368,
    "reward_std": 1.2698781089432463,
    "cost": 58.15,
    "cost_std": 28.353615289765077,
    "budget": 10,
    "utilization": 581.5,
    "goal_rate": 100.0,
    "pct_unconstrained": 98.16645669695228,
    "budget_used_pct": 581.5
  },
  "B10_ra2.0_corr0": {
    "reward": 26.815433161379964,
    "reward_std": 0.9401752095977983,
    "cost": 41.4,
    "cost_std": 27.264262322681684,
    "budget": 10,
    "utilization": 414.0,
    "goal_rate": 100.0,
    "pct_unconstrained": 99.44608782469327,
    "budget_used_pct": 414.0
  },
  "B10_ra2.0_corr3": {
    "reward": 26.77379319980514,
    "reward_std": 1.0453243821510727,
    "cost": 59.0,
    "cost_std": 35.656696425776744,
    "budget": 10,
    "utilization": 590.0,
    "goal_rate": 100.0,
    "pct_unconstrained": 99.29166439058851,
    "budget_used_pct": 590.0
  },
  "B10_ra5.0_corr0": {
    "reward": 26.954621614125823,
    "reward_std": 1.4153582284080783,
    "cost": 49.75,
    "cost_std": 29.385157818191143,
    "budget": 10,
    "utilization": 497.5,
    "goal_rate": 100.0,
    "pct_unconstrained": 99.96227367232234,
    "budget_used_pct": 497.5
  },
  "B10_ra5.0_corr3": {
    "reward": 26.732118269946586,
    "reward_std": 0.8987638290439256,
    "cost": 61.5,
    "cost_std": 41.91598740337629,
    "budget": 10,
    "utilization": 615.0,
    "goal_rate": 100.0,
    "pct_unconstrained": 99.13711127522916,
    "budget_used_pct": 615.0
  },
  "B25_ra0.0_corr0": {
    "reward": 26.783358325512086,
    "reward_std": 1.0787169833566486,
    "cost": 43.05,
    "cost_std": 31.552297856099166,
    "budget": 25,
    "utilization": 172.2,
    "goal_rate": 100.0,
    "pct_unconstrained": 99.32713703521753,
    "budget_used_pct": 172.2
  },
  "B25_ra0.0_corr3": {
    "reward": 26.86190520808851,
    "reward_std": 0.9099759798970918,
    "cost": 45.7,
    "cost_std": 28.502806879323305,
    "budget": 25,
    "utilization": 182.8,
    "goal_rate": 100.0,
    "pct_unconstrained": 99.61843123643524,
    "budget_used_pct": 182.8
  },
  "B25_ra2.0_corr0": {
    "reward": 26.935901221151084,
    "reward_std": 1.1719123460117844,
    "cost": 40.95,
    "cost_std": 30.660194063312776,
    "budget": 25,
    "utilization": 163.8,
    "goal_rate": 100.0,
    "pct_unconstrained": 99.89284835919483,
    "budget_used_pct": 163.8
  },
  "B25_ra2.0_corr3": {
    "reward": 27.33337574456519,
    "reward_std": 1.1757026732072127,
    "cost": 49.95,
    "cost_std": 37.55991879650434,
    "budget": 25,
    "utilization": 199.8,
    "goal_rate": 100.0,
    "pct_unconstrained": 101.36689825149509,
    "budget_used_pct": 199.8
  },
  "B25_ra5.0_corr0": {
    "reward": 27.085556549440376,
    "reward_std": 1.0037270523712807,
    "cost": 45.3,
    "cost_std": 35.54869899166494,
    "budget": 25,
    "utilization": 181.2,
    "goal_rate": 100.0,
    "pct_unconstrained": 100.44785102616366,
    "budget_used_pct": 181.2
  },
  "B25_ra5.0_corr3": {
    "reward": 27.13389286062311,
    "reward_std": 1.0945972417731504,
    "cost": 48.0,
    "cost_std": 31.796226191169293,
    "budget": 25,
    "utilization": 192.0,
    "goal_rate": 100.0,
    "pct_unconstrained": 100.62710813598065,
    "budget_used_pct": 192.0
  },
  "B40_ra0.0_corr0": {
    "reward": 26.995706343986154,
    "reward_std": 1.3871099770192818,
    "cost": 49.0,
    "cost_std": 37.17795045453689,
    "budget": 40,
    "utilization": 122.5,
    "goal_rate": 100.0,
    "pct_unconstrained": 100.11463800779123,
    "budget_used_pct": 122.5
  },
  "B40_ra0.0_corr3": {
    "reward": 26.91686997456919,
    "reward_std": 1.3545216337387584,
    "cost": 40.65,
    "cost_std": 32.43034844092798,
    "budget": 40,
    "utilization": 101.625,
    "goal_rate": 100.0,
    "pct_unconstrained": 99.8222702332475,
    "budget_used_pct": 101.625
  },
  "B40_ra2.0_corr0": {
    "reward": 26.020632250898625,
    "reward_std": 1.248690284515894,
    "cost": 54.55,
    "cost_std": 42.01484856571543,
    "budget": 40,
    "utilization": 136.375,
    "goal_rate": 100.0,
    "pct_unconstrained": 96.4985374095574,
    "budget_used_pct": 136.375
  },
  "B40_ra2.0_corr3": {
    "reward": 26.532002651862,
    "reward_std": 1.2395588521985124,
    "cost": 50.6,
    "cost_std": 32.33326460473795,
    "budget": 40,
    "utilization": 126.5,
    "goal_rate": 100.0,
    "pct_unconstrained": 98.39497464027845,
    "budget_used_pct": 126.5
  },
  "B40_ra5.0_corr0": {
    "reward": 26.883593086757525,
    "reward_std": 1.424207733821746,
    "cost": 40.65,
    "cost_std": 30.48651341167107,
    "budget": 40,
    "utilization": 101.625,
    "goal_rate": 100.0,
    "pct_unconstrained": 99.69886158689313,
    "budget_used_pct": 101.625
  },
  "B40_ra5.0_corr3": {
    "reward": 26.737484707366434,
    "reward_std": 1.1331473413527133,
    "cost": 32.7,
    "cost_std": 24.690281488877357,
    "budget": 40,
    "utilization": 81.75000000000001,
    "goal_rate": 100.0,
    "pct_unconstrained": 99.1570129193215,
    "budget_used_pct": 81.75000000000001
  },
  "B46_ra0.0_corr0": {
    "reward": 27.138435054052955,
    "reward_std": 0.8748602782699982,
    "cost": 49.3,
    "cost_std": 34.076531513638535,
    "budget": 46,
    "utilization": 107.17391304347827,
    "goal_rate": 100.0,
    "pct_unconstrained": 100.64395303884025,
    "budget_used_pct": 107.17391304347827
  },
  "B46_ra0.0_corr3": {
    "reward": 26.810278076463483,
    "reward_std": 1.4855048430484596,
    "cost": 49.75,
    "cost_std": 32.92852107216478,
    "budget": 46,
    "utilization": 108.15217391304348,
    "goal_rate": 100.0,
    "pct_unconstrained": 99.42696998966659,
    "budget_used_pct": 108.15217391304348
  },
  "B46_ra2.0_corr0": {
    "reward": 27.13324311505457,
    "reward_std": 0.8405192751925926,
    "cost": 40.0,
    "cost_std": 31.848076865016512,
    "budget": 46,
    "utilization": 86.95652173913044,
    "goal_rate": 100.0,
    "pct_unconstrained": 100.62469852900232,
    "budget_used_pct": 86.95652173913044
  },
  "B46_ra2.0_corr3": {
    "reward": 26.708503765222257,
    "reward_std": 1.2002939089538123,
    "cost": 62.05,
    "cost_std": 32.578328686413606,
    "budget": 46,
    "utilization": 134.8913043478261,
    "goal_rate": 100.0,
    "pct_unconstrained": 99.0495359563216,
    "budget_used_pct": 134.8913043478261
  },
  "B46_ra5.0_corr0": {
    "reward": 26.543013778273444,
    "reward_std": 1.2138805820022194,
    "cost": 44.05,
    "cost_std": 42.721745048628335,
    "budget": 46,
    "utilization": 95.76086956521739,
    "goal_rate": 100.0,
    "pct_unconstrained": 98.43580983535327,
    "budget_used_pct": 95.76086956521739
  },
  "B46_ra5.0_corr3": {
    "reward": 27.050148123137355,
    "reward_std": 1.0422354427402731,
    "cost": 43.95,
    "cost_std": 28.226716068292465,
    "budget": 46,
    "utilization": 95.54347826086956,
    "goal_rate": 100.0,
    "pct_unconstrained": 100.31653748553677,
    "budget_used_pct": 95.54347826086956
  }
}