{
  "unconstrained": {
    "reward": 26.667609659292914,
    "reward_std": 0.9262533169937751,
    "cost": 51.9,
    "cost_std": 39.68740354318987,
    "budget": 1000,
    "utilization": 5.19,
    "goal_rate": 100.0
  },
  "B10_ra0.0_corr0": {
    "reward": 26.43616236185661,
    "reward_std": 0.9564673192585109,
    "cost": 35.6,
    "cost_std": 31.550594289173063,
    "budget": 10,
    "utilization": 356.0,
    "goal_rate": 100.0,
    "pct_unconstrained": 99.13210332537003,
    "budget_used_pct": 356.0
  },
  "B10_ra0.0_corr3": {
    "reward": 27.2206089086266,
    "reward_std": 0.7315419331353867,
    "cost": 54.6,
    "cost_std": 30.176812290233705,
    "budget": 10,
    "utilization": 546.0,
    "goal_rate": 100.0,
    "pct_unconstrained": 102.07367385528302,
    "budget_used_pct": 546.0
  },
  "B10_ra2.0_corr0": {
    "reward": 26.993840635025208,
    "reward_std": 0.6010302310863158,
    "cost": 35.9,
    "cost_std": 26.89405138687736,
    "budget": 10,
    "utilization": 359.0,
    "goal_rate": 100.0,
    "pct_unconstrained": 101.22332289957833,
    "budget_used_pct": 359.0
  },
  "B10_ra2.0_corr3": {
    "reward": 26.538082493414244,
    "reward_std": 0.6924247083752946,
    "cost": 37.5,
    "cost_std": 36.3379966426329,
    "budget": 10,
    "utilization": 375.0,
    "goal_rate": 100.0,
    "pct_unconstrained": 99.51429030372982,
    "budget_used_pct": 375.0
  },
  "B10_ra5.0_corr0": {
    "reward": 26.325165416034235,
    "reward_std": 0.9674308789706372,
    "cost": 41.4,
    "cost_std": 28.18226392609366,
    "budget": 10,
    "utilization": 414.0,
    "goal_rate": 100.0,
    "pct_unconstrained": 98.71587949713614,
    "budget_used_pct": 414.0
  },
  "B10_ra5.0_corr3": {
    "reward": 26.371974904428765,
    "reward_std": 0.8640711347902522,
    "cost": 57.3,
    "cost_std": 50.94320366839918,
    "budget": 10,
    "utilization": 573.0,
    "goal_rate": 100.0,
    "pct_unconstrained": 98.89140887150668,
    "budget_used_pct": 573.0
  },
  "B25_ra0.0_corr0": {
    "reward": 26.306391218065393,
    "reward_std": 0.7377719179324612,
    "cost": 61.7,
    "cost_std": 39.28116597047496,
    "budget": 25,
    "utilization": 246.8,
    "goal_rate": 100.0,
    "pct_unconstrained": 98.64547874428015,
    "budget_used_pct": 246.8
  },
  "B25_ra0.0_corr3": {
    "reward": 24.860524595348664,
    "reward_std": 4.855590258556444,
    "cost": 40.9,
    "cost_std": 31.19759606123523,
    "budget": 25,
    "utilization": 163.6,
    "goal_rate": 100.0,
    "pct_unconstrained": 93.22367063628243,
    "budget_used_pct": 163.6
  },
  "B25_ra2.0_corr0": {
    "reward": 26.630621263838396,
    "reward_std": 0.8386543600949967,
    "cost": 35.7,
    "cost_std": 34.856993559399235,
    "budget": 25,
    "utilization": 142.8,
    "goal_rate": 100.0,
    "pct_unconstrained": 99.86129842184177,
    "budget_used_pct": 142.8
  },
  "B25_ra2.0_corr3": {
    "reward": 26.835185908619827,
    "reward_std": 1.6406307630821162,
    "cost": 39.5,
    "cost_std": 38.54931906013386,
    "budget": 25,
    "utilization": 158.0,
    "goal_rate": 100.0,
    "pct_unconstrained": 100.6283887137538,
    "budget_used_pct": 158.0
  },
  "B25_ra5.0_corr0": {
    "reward": 26.297211211824077,
    "reward_std": 0.9116320894024427,
    "cost": 54.3,
    "cost_std": 38.68345899735441,
    "budget": 25,
    "utilization": 217.2,
    "goal_rate": 100.0,
    "pct_unconstrained": 98.61105493817755,
    "budget_used_pct": 217.2
  },
  "B25_ra5.0_corr3": {
    "reward": 26.8461491635368,
    "reward_std": 0.8586461549631276,
    "cost": 49.5,
    "cost_std": 43.007557475401924,
    "budget": 25,
    "utilization": 198.0,
    "goal_rate": 100.0,
    "pct_unconstrained": 100.66949946592484,
    "budget_used_pct": 198.0
  },
  "B40_ra0.0_corr0": {
    "reward": 26.381294440477358,
    "reward_std": 0.8594615726415635,
    "cost": 50.5,
    "cost_std": 37.79219496139381,
    "budget": 40,
    "utilization": 126.25,
    "goal_rate": 100.0,
    "pct_unconstrained": 98.92635589588441,
    "budget_used_pct": 126.25
  },
  "B40_ra0.0_corr3": {
    "reward": 26.459187378538143,
    "reward_std": 0.6355628663583767,
    "cost": 52.3,
    "cost_std": 34.25507261705921,
    "budget": 40,
    "utilization": 130.75,
    "goal_rate": 100.0,
    "pct_unconstrained": 99.21844408472455,
    "budget_used_pct": 130.75
  },
  "B40_ra2.0_corr0": {
    "reward": 26.825017734888,
    "reward_std": 1.0673981501231782,
    "cost": 50.2,
    "cost_std": 39.50645516874425,
    "budget": 40,
    "utilization": 125.5,
    "goal_rate": 100.0,
    "pct_unconstrained": 100.59025941059639,
    "budget_used_pct": 125.5
  },
  "B40_ra2.0_corr3": {
    "reward": 26.223534230080965,
    "reward_std": 1.121626888956904,
    "cost": 65.7,
    "cost_std": 25.270734061360383,
    "budget": 40,
    "utilization": 164.25,
    "goal_rate": 100.0,
    "pct_unconstrained": 98.33477602647748,
    "budget_used_pct": 164.25
  },
  "B40_ra5.0_corr0": {
    "reward": 26.957687424824258,
    "reward_std": 0.7987420485316524,
    "cost": 30.8,
    "cost_std": 26.175561121015154,
    "budget": 40,
    "utilization": 77.0,
    "goal_rate": 100.0,
    "pct_unconstrained": 101.08775315537237,
    "budget_used_pct": 77.0
  },
  "B40_ra5.0_corr3": {
    "reward": 26.502526851410202,
    "reward_std": 0.8020184678459138,
    "cost": 35.8,
    "cost_std": 39.420299339299795,
    "budget": 40,
    "utilization": 89.49999999999999,
    "goal_rate": 100.0,
    "pct_unconstrained": 99.38096136102253,
    "budget_used_pct": 89.49999999999999
  },
  "B51_ra0.0_corr0": {
    "reward": 26.57090473094999,
    "reward_std": 1.0489766183622604,
    "cost": 38.1,
    "cost_std": 26.50075470623431,
    "budget": 51,
    "utilization": 74.70588235294117,
    "goal_rate": 100.0,
    "pct_unconstrained": 99.6373693421404,
    "budget_used_pct": 74.70588235294117
  },
  "B51_ra0.0_corr3": {
    "reward": 27.108864658038698,
    "reward_std": 1.7727359780305836,
    "cost": 48.1,
    "cost_std": 22.51421773013666,
    "budget": 51,
    "utilization": 94.31372549019608,
    "goal_rate": 100.0,
    "pct_unconstrained": 101.65464773327375,
    "budget_used_pct": 94.31372549019608
  },
  "B51_ra2.0_corr0": {
    "reward": 26.945721072875454,
    "reward_std": 1.248884134588709,
    "cost": 68.5,
    "cost_std": 34.82886733731087,
    "budget": 51,
    "utilization": 134.31372549019608,
    "goal_rate": 100.0,
    "pct_unconstrained": 101.04288092234628,
    "budget_used_pct": 134.31372549019608
  },
  "B51_ra2.0_corr3": {
    "reward": 26.943346501793286,
    "reward_std": 0.8316713296288153,
    "cost": 28.3,
    "cost_std": 25.258859831750126,
    "budget": 51,
    "utilization": 55.490196078431374,
    "goal_rate": 100.0,
    "pct_unconstrained": 101.03397659566494,
    "budget_used_pct": 55.490196078431374
  },
  "B51_ra5.0_corr0": {
    "reward": 26.425176697966258,
    "reward_std": 0.8119861263582024,
    "cost": 41.8,
    "cost_std": 19.630588376307013,
    "budget": 51,
    "utilization": 81.96078431372548,
    "goal_rate": 100.0,
    "pct_unconstrained": 99.09090854252032,
    "budget_used_pct": 81.96078431372548
  },
  "B51_ra5.0_corr3": {
    "reward": 26.1516940075528,
    "reward_std": 1.1778780542537568,
    "cost": 41.8,
    "cost_std": 25.352711886502398,
    "budget": 51,
    "utilization": 81.96078431372548,
    "goal_rate": 100.0,
    "pct_unconstrained": 98.06538471827251,
    "budget_used_pct": 81.96078431372548
  }
}