{
  "unconstrained": {
    "reward": 27.260005238943513,
    "reward_std": 1.0903015870892814,
    "cost": 57.95,
    "cost_std": 39.35667033680568,
    "budget": 1000,
    "utilization": 5.795,
    "goal_rate": 100.0
  },
  "B10_ra0.0_corr0": {
    "reward": 26.843259809587966,
    "reward_std": 0.8876273916469675,
    "cost": 43.85,
    "cost_std": 33.63372563365528,
    "budget": 10,
    "utilization": 438.5,
    "goal_rate": 100.0,
    "pct_unconstrained": 98.47122028883477,
    "budget_used_pct": 438.5
  },
  "B10_ra0.0_corr3": {
    "reward": 27.161108695278408,
    "reward_std": 1.1583447692101156,
    "cost": 55.4,
    "cost_std": 35.17726538547304,
    "budget": 10,
    "utilization": 554.0,
    "goal_rate": 100.0,
    "pct_unconstrained": 99.63721010763481,
    "budget_used_pct": 554.0
  },
  "B10_ra2.0_corr0": {
    "reward": 26.961766125526662,
    "reward_std": 0.9957926859281755,
    "cost": 47.25,
    "cost_std": 36.80743810699136,
    "budget": 10,
    "utilization": 472.5,
    "goal_rate": 100.0,
    "pct_unconstrained": 98.90594623587677,
    "budget_used_pct": 472.5
  },
  "B10_ra2.0_corr3": {
    "reward": 27.50290590986096,
    "reward_std": 1.2335640050097316,
    "cost": 46.2,
    "cost_std": 38.04024184991468,
    "budget": 10,
    "utilization": 462.0,
    "goal_rate": 100.0,
    "pct_unconstrained": 100.89105144620603,
    "budget_used_pct": 462.0
  },
  "B10_ra5.0_corr0": {
    "reward": 27.337144958861806,
    "reward_std": 1.2782023826852995,
    "cost": 63.75,
    "cost_std": 31.14943819718102,
    "budget": 10,
    "utilization": 637.5,
    "goal_rate": 100.0,
    "pct_unconstrained": 100.28297764157466,
    "budget_used_pct": 637.5
  },
  "B10_ra5.0_corr3": {
    "reward": 26.893267859356207,
    "reward_std": 1.0797025472014887,
    "cost": 54.05,
    "cost_std": 35.27389261195878,
    "budget": 10,
    "utilization": 540.5,
    "goal_rate": 100.0,
    "pct_unconstrained": 98.65466871200968,
    "budget_used_pct": 540.5
  },
  "B25_ra0.0_corr0": {
    "reward": 26.182555124200768,
    "reward_std": 3.429008158865616,
    "cost": 58.45,
    "cost_std": 45.671079470492046,
    "budget": 25,
    "utilization": 233.8,
    "goal_rate": 100.0,
    "pct_unconstrained": 96.04750584125529,
    "budget_used_pct": 233.8
  },
  "B25_ra0.0_corr3": {
    "reward": 27.129996268354024,
    "reward_std": 1.1620091878908345,
    "cost": 51.95,
    "cost_std": 47.01858675034799,
    "budget": 25,
    "utilization": 207.8,
    "goal_rate": 100.0,
    "pct_unconstrained": 99.52307796917164,
    "budget_used_pct": 207.8
  },
  "B25_ra2.0_corr0": {
    "reward": 26.984677979302756,
    "reward_std": 1.0207152127765902,
    "cost": 55.55,
    "cost_std": 33.308369819010956,
    "budget": 25,
    "utilization": 222.2,
    "goal_rate": 100.0,
    "pct_unconstrained": 98.9899955732678,
    "budget_used_pct": 222.2
  },
  "B25_ra2.0_corr3": {
    "reward": 27.056640021244355,
    "reward_std": 0.6797031235677998,
    "cost": 47.7,
    "cost_std": 44.834250300412066,
    "budget": 25,
    "utilization": 190.8,
    "goal_rate": 100.0,
    "pct_unconstrained": 99.25397953552617,
    "budget_used_pct": 190.8
  },
  "B25_ra5.0_corr0": {
    "reward": 26.97788432323582,
    "reward_std": 1.2009832812491297,
    "cost": 56.4,
    "cost_std": 42.624406154221084,
    "budget": 25,
    "utilization": 225.6,
    "goal_rate": 100.0,
    "pct_unconstrained": 98.96507387568417,
    "budget_used_pct": 225.6
  },
  "B25_ra5.0_corr3": {
    "reward": 27.135825706998446,
    "reward_std": 1.1914698666359873,
    "cost": 57.85,
    "cost_std": 35.66970002677343,
    "budget": 25,
    "utilization": 231.4,
    "goal_rate": 100.0,
    "pct_unconstrained": 99.54446255289906,
    "budget_used_pct": 231.4
  },
  "B40_ra0.0_corr0": {
    "reward": 27.024450560341727,
    "reward_std": 1.0664785402683874,
    "cost": 41.2,
    "cost_std": 32.90075986964435,
    "budget": 40,
    "utilization": 103.0,
    "goal_rate": 100.0,
    "pct_unconstrained": 99.13589642945014,
    "budget_used_pct": 103.0
  },
  "B40_ra0.0_corr3": {
    "reward": 26.92652665292875,
    "reward_std": 1.0667919194868134,
    "cost": 52.85,
    "cost_std": 42.1607341017682,
    "budget": 40,
    "utilization": 132.125,
    "goal_rate": 100.0,
    "pct_unconstrained": 98.77667453438946,
    "budget_used_pct": 132.125
  },
  "B40_ra2.0_corr0": {
    "reward": 26.816344280038003,
    "reward_std": 0.9975944207770039,
    "cost": 31.05,
    "cost_std": 28.671370738072504,
    "budget": 40,
    "utilization": 77.625,
    "goal_rate": 100.0,
    "pct_unconstrained": 98.37248395582955,
    "budget_used_pct": 77.625
  },
  "B40_ra2.0_corr3": {
    "reward": 27.166636790618735,
    "reward_std": 1.1074139005663206,
    "cost": 57.8,
    "cost_std": 30.408222572192546,
    "budget": 40,
    "utilization": 144.5,
    "goal_rate": 100.0,
    "pct_unconstrained": 99.65748925025373,
    "budget_used_pct": 144.5
  },
  "B40_ra5.0_corr0": {
    "reward": 27.32565503268021,
    "reward_std": 1.2422852025945434,
    "cost": 52.1,
    "cost_std": 37.1374474082428,
    "budget": 40,
    "utilization": 130.25,
    "goal_rate": 100.0,
    "pct_unconstrained": 100.24082825062304,
    "budget_used_pct": 130.25
  },
  "B40_ra5.0_corr3": {
    "reward": 27.30719411061467,
    "reward_std": 1.0371189200875868,
    "cost": 56.65,
    "cost_std": 42.36894499512585,
    "budget": 40,
    "utilization": 141.625,
    "goal_rate": 100.0,
    "pct_unconstrained": 100.17310661262728,
    "budget_used_pct": 141.625
  },
  "B57_ra0.0_corr0": {
    "reward": 26.81183653121055,
    "reward_std": 1.374702854090747,
    "cost": 48.4,
    "cost_std": 27.789206537790893,
    "budget": 57,
    "utilization": 84.91228070175438,
    "goal_rate": 100.0,
    "pct_unconstrained": 98.3559478297799,
    "budget_used_pct": 84.91228070175438
  },
  "B57_ra0.0_corr3": {
    "reward": 26.719104813083852,
    "reward_std": 1.1194545606361086,
    "cost": 59.2,
    "cost_std": 45.866763565789114,
    "budget": 57,
    "utilization": 103.85964912280701,
    "goal_rate": 100.0,
    "pct_unconstrained": 98.0157728470025,
    "budget_used_pct": 103.85964912280701
  },
  "B57_ra2.0_corr0": {
    "reward": 27.02594989318204,
    "reward_std": 0.9406897155552113,
    "cost": 54.65,
    "cost_std": 34.26262541020463,
    "budget": 57,
    "utilization": 95.87719298245614,
    "goal_rate": 100.0,
    "pct_unconstrained": 99.14139654886382,
    "budget_used_pct": 95.87719298245614
  },
  "B57_ra2.0_corr3": {
    "reward": 26.56088753079117,
    "reward_std": 0.783543672063296,
    "cost": 56.1,
    "cost_std": 42.333083988766994,
    "budget": 57,
    "utilization": 98.42105263157895,
    "goal_rate": 100.0,
    "pct_unconstrained": 97.4353720697251,
    "budget_used_pct": 98.42105263157895
  },
  "B57_ra5.0_corr0": {
    "reward": 27.383748926942967,
    "reward_std": 1.4708892764551684,
    "cost": 46.6,
    "cost_std": 28.242521133921457,
    "budget": 57,
    "utilization": 81.75438596491227,
    "goal_rate": 100.0,
    "pct_unconstrained": 100.45393860681536,
    "budget_used_pct": 81.75438596491227
  },
  "B57_ra5.0_corr3": {
    "reward": 27.254347295341848,
    "reward_std": 1.343587669527808,
    "cost": 52.3,
    "cost_std": 40.03760732111748,
    "budget": 57,
    "utilization": 91.75438596491227,
    "goal_rate": 100.0,
    "pct_unconstrained": 99.97924452489254,
    "budget_used_pct": 91.75438596491227
  }
}