{
  "unconstrained": {
    "reward": 26.742958277152326,
    "reward_std": 1.248462633418909,
    "cost": 55.5,
    "cost_std": 36.598497236908514,
    "budget": 1000,
    "utilization": 5.55,
    "goal_rate": 100.0
  },
  "B10_ra0.0_corr0": {
    "reward": 27.19115760302259,
    "reward_std": 1.3912822414469428,
    "cost": 63.2,
    "cost_std": 35.25847415870403,
    "budget": 10,
    "utilization": 632.0,
    "goal_rate": 100.0,
    "pct_unconstrained": 101.67595267967485,
    "budget_used_pct": 632.0
  },
  "B10_ra0.0_corr3": {
    "reward": 26.888282802207392,
    "reward_std": 0.7862821667339701,
    "cost": 69.3,
    "cost_std": 38.92569845230783,
    "budget": 10,
    "utilization": 693.0,
    "goal_rate": 100.0,
    "pct_unconstrained": 100.54341230147011,
    "budget_used_pct": 693.0
  },
  "B10_ra2.0_corr0": {
    "reward": 26.35885339622187,
    "reward_std": 1.3951841248443653,
    "cost": 51.65,
    "cost_std": 39.789791404328824,
    "budget": 10,
    "utilization": 516.5,
    "goal_rate": 100.0,
    "pct_unconstrained": 98.56371581277673,
    "budget_used_pct": 516.5
  },
  "B10_ra2.0_corr3": {
    "reward": 26.540250997987755,
    "reward_std": 0.7771186077417008,
    "cost": 46.75,
    "cost_std": 37.42709579970105,
    "budget": 10,
    "utilization": 467.5,
    "goal_rate": 100.0,
    "pct_unconstrained": 99.24201624568306,
    "budget_used_pct": 467.5
  },
  "B10_ra5.0_corr0": {
    "reward": 27.55802113957917,
    "reward_std": 1.1510156418451323,
    "cost": 43.45,
    "cost_std": 31.47296458867515,
    "budget": 10,
    "utilization": 434.5,
    "goal_rate": 100.0,
    "pct_unconstrained": 103.04776627170372,
    "budget_used_pct": 434.5
  },
  "B10_ra5.0_corr3": {
    "reward": 26.562415096674876,
    "reward_std": 1.3629634498265049,
    "cost": 58.1,
    "cost_std": 25.226771493792064,
    "budget": 10,
    "utilization": 581.0,
    "goal_rate": 100.0,
    "pct_unconstrained": 99.32489450641033,
    "budget_used_pct": 581.0
  },
  "B25_ra0.0_corr0": {
    "reward": 26.59924439623889,
    "reward_std": 1.1121260672945896,
    "cost": 44.45,
    "cost_std": 32.73450014892545,
    "budget": 25,
    "utilization": 177.8,
    "goal_rate": 100.0,
    "pct_unconstrained": 99.46261038354827,
    "budget_used_pct": 177.8
  },
  "B25_ra0.0_corr3": {
    "reward": 26.64893111415254,
    "reward_std": 0.9599858068605764,
    "cost": 39.95,
    "cost_std": 31.466609286670852,
    "budget": 25,
    "utilization": 159.8,
    "goal_rate": 100.0,
    "pct_unconstrained": 99.64840403209948,
    "budget_used_pct": 159.8
  },
  "B25_ra2.0_corr0": {
    "reward": 27.176107820607704,
    "reward_std": 1.0865061360080006,
    "cost": 56.05,
    "cost_std": 39.69064751298472,
    "budget": 25,
    "utilization": 224.2,
    "goal_rate": 100.0,
    "pct_unconstrained": 101.6196769967122,
    "budget_used_pct": 224.2
  },
  "B25_ra2.0_corr3": {
    "reward": 26.80588977706592,
    "reward_std": 1.092199604355534,
    "cost": 44.65,
    "cost_std": 38.70694382149021,
    "budget": 25,
    "utilization": 178.6,
    "goal_rate": 100.0,
    "pct_unconstrained": 100.23531988967488,
    "budget_used_pct": 178.6
  },
  "B25_ra5.0_corr0": {
    "reward": 26.720968810627756,
    "reward_std": 1.051235485490976,
    "cost": 38.85,
    "cost_std": 28.438134608303688,
    "budget": 25,
    "utilization": 155.4,
    "goal_rate": 100.0,
    "pct_unconstrained": 99.9177747416846,
    "budget_used_pct": 155.4
  },
  "B25_ra5.0_corr3": {
    "reward": 26.753434959514152,
    "reward_std": 0.9107030867898354,
    "cost": 41.0,
    "cost_std": 29.0516780926679,
    "budget": 25,
    "utilization": 164.0,
    "goal_rate": 100.0,
    "pct_unconstrained": 100.0391754803386,
    "budget_used_pct": 164.0
  },
  "B40_ra0.0_corr0": {
    "reward": 26.531580478502327,
    "reward_std": 0.9331944724079811,
    "cost": 51.05,
    "cost_std": 22.550997760631347,
    "budget": 40,
    "utilization": 127.625,
    "goal_rate": 100.0,
    "pct_unconstrained": 99.20959455397802,
    "budget_used_pct": 127.625
  },
  "B40_ra0.0_corr3": {
    "reward": 27.090190525812908,
    "reward_std": 1.029629865983383,
    "cost": 44.5,
    "cost_std": 42.44820373113566,
    "budget": 40,
    "utilization": 111.25,
    "goal_rate": 100.0,
    "pct_unconstrained": 101.29840627600738,
    "budget_used_pct": 111.25
  },
  "B40_ra2.0_corr0": {
    "reward": 26.572879791451168,
    "reward_std": 0.9440716582053931,
    "cost": 51.1,
    "cost_std": 33.7281781304594,
    "budget": 40,
    "utilization": 127.75,
    "goal_rate": 100.0,
    "pct_unconstrained": 99.36402516154519,
    "budget_used_pct": 127.75
  },
  "B40_ra2.0_corr3": {
    "reward": 27.068128809148714,
    "reward_std": 1.088901165364427,
    "cost": 55.65,
    "cost_std": 35.39671594936457,
    "budget": 40,
    "utilization": 139.125,
    "goal_rate": 100.0,
    "pct_unconstrained": 101.21591085259328,
    "budget_used_pct": 139.125
  },
  "B40_ra5.0_corr0": {
    "reward": 26.985328006258793,
    "reward_std": 1.0383129930357837,
    "cost": 45.65,
    "cost_std": 35.3712807232082,
    "budget": 40,
    "utilization": 114.125,
    "goal_rate": 100.0,
    "pct_unconstrained": 100.90629363660763,
    "budget_used_pct": 114.125
  },
  "B40_ra5.0_corr3": {
    "reward": 26.812093305969746,
    "reward_std": 1.2734397137406763,
    "cost": 56.15,
    "cost_std": 34.834286270856765,
    "budget": 40,
    "utilization": 140.375,
    "goal_rate": 100.0,
    "pct_unconstrained": 100.2585167583217,
    "budget_used_pct": 140.375
  },
  "B55_ra0.0_corr0": {
    "reward": 26.86803304083653,
    "reward_std": 1.191067516017603,
    "cost": 49.05,
    "cost_std": 35.95757917324246,
    "budget": 55,
    "utilization": 89.18181818181819,
    "goal_rate": 100.0,
    "pct_unconstrained": 100.46769232628637,
    "budget_used_pct": 89.18181818181819
  },
  "B55_ra0.0_corr3": {
    "reward": 26.862509924249373,
    "reward_std": 1.1979304491432425,
    "cost": 64.8,
    "cost_std": 26.80783467570628,
    "budget": 55,
    "utilization": 117.81818181818181,
    "goal_rate": 100.0,
    "pct_unconstrained": 100.44703972484297,
    "budget_used_pct": 117.81818181818181
  },
  "B55_ra2.0_corr0": {
    "reward": 27.3352174810576,
    "reward_std": 0.9617828096303791,
    "cost": 63.8,
    "cost_std": 40.74015218430093,
    "budget": 55,
    "utilization": 116.0,
    "goal_rate": 100.0,
    "pct_unconstrained": 102.2146360838893,
    "budget_used_pct": 116.0
  },
  "B55_ra2.0_corr3": {
    "reward": 26.793114371358946,
    "reward_std": 1.093855439496924,
    "cost": 57.25,
    "cost_std": 45.961804794851126,
    "budget": 55,
    "utilization": 104.0909090909091,
    "goal_rate": 100.0,
    "pct_unconstrained": 100.1875487883084,
    "budget_used_pct": 104.0909090909091
  },
  "B55_ra5.0_corr0": {
    "reward": 26.947730260117133,
    "reward_std": 0.8562744861313872,
    "cost": 54.25,
    "cost_std": 39.29996819337135,
    "budget": 55,
    "utilization": 98.63636363636364,
    "goal_rate": 100.0,
    "pct_unconstrained": 100.76570430556949,
    "budget_used_pct": 98.63636363636364
  },
  "B55_ra5.0_corr3": {
    "reward": 27.178629172602722,
    "reward_std": 1.3659272066113601,
    "cost": 62.9,
    "cost_std": 46.726758928904964,
    "budget": 55,
    "utilization": 114.36363636363636,
    "goal_rate": 100.0,
    "pct_unconstrained": 101.62910509351768,
    "budget_used_pct": 114.36363636363636
  }
}