{
  "unconstrained": {
    "reward": 26.64875424661646,
    "reward_std": 1.2902041733096368,
    "cost": 56.8,
    "cost_std": 49.5061612327193,
    "budget": 1000,
    "utilization": 5.68,
    "goal_rate": 100.0
  },
  "B10_ra0.0_corr0": {
    "reward": 26.8066203834686,
    "reward_std": 0.8945637630996621,
    "cost": 54.75,
    "cost_std": 55.73766679723865,
    "budget": 10,
    "utilization": 547.5,
    "goal_rate": 100.0,
    "pct_unconstrained": 100.59239593487635,
    "budget_used_pct": 547.5
  },
  "B10_ra0.0_corr3": {
    "reward": 27.072600365625043,
    "reward_std": 1.1015502335553184,
    "cost": 45.6,
    "cost_std": 37.85551478978988,
    "budget": 10,
    "utilization": 456.0,
    "goal_rate": 100.0,
    "pct_unconstrained": 101.59049130434455,
    "budget_used_pct": 456.0
  },
  "B10_ra2.0_corr0": {
    "reward": 26.745259282565428,
    "reward_std": 0.9034429024488355,
    "cost": 61.4,
    "cost_std": 46.884325738992985,
    "budget": 10,
    "utilization": 614.0,
    "goal_rate": 100.0,
    "pct_unconstrained": 100.3621371380286,
    "budget_used_pct": 614.0
  },
  "B10_ra2.0_corr3": {
    "reward": 26.903210317277626,
    "reward_std": 0.7137938492252324,
    "cost": 52.8,
    "cost_std": 31.772000251794033,
    "budget": 10,
    "utilization": 528.0,
    "goal_rate": 100.0,
    "pct_unconstrained": 100.95485165387599,
    "budget_used_pct": 528.0
  },
  "B10_ra5.0_corr0": {
    "reward": 26.92096939909327,
    "reward_std": 1.3547699980189367,
    "cost": 64.9,
    "cost_std": 44.02260782825116,
    "budget": 10,
    "utilization": 649.0000000000001,
    "goal_rate": 100.0,
    "pct_unconstrained": 101.02149297470959,
    "budget_used_pct": 649.0000000000001
  },
  "B10_ra5.0_corr3": {
    "reward": 26.463640562629717,
    "reward_std": 0.8782321360383583,
    "cost": 51.6,
    "cost_std": 28.538395189638816,
    "budget": 10,
    "utilization": 516.0,
    "goal_rate": 100.0,
    "pct_unconstrained": 99.30535708246006,
    "budget_used_pct": 516.0
  },
  "B25_ra0.0_corr0": {
    "reward": 26.826005228675353,
    "reward_std": 0.9524862214491997,
    "cost": 52.1,
    "cost_std": 27.551587976013288,
    "budget": 25,
    "utilization": 208.4,
    "goal_rate": 100.0,
    "pct_unconstrained": 100.66513796637004,
    "budget_used_pct": 208.4
  },
  "B25_ra0.0_corr3": {
    "reward": 27.437849837864047,
    "reward_std": 1.1375014506248686,
    "cost": 52.65,
    "cost_std": 32.008241126309954,
    "budget": 25,
    "utilization": 210.6,
    "goal_rate": 100.0,
    "pct_unconstrained": 102.96109748300064,
    "budget_used_pct": 210.6
  },
  "B25_ra2.0_corr0": {
    "reward": 26.986781660290653,
    "reward_std": 0.8524861467527026,
    "cost": 45.85,
    "cost_std": 32.35934949902423,
    "budget": 25,
    "utilization": 183.4,
    "goal_rate": 100.0,
    "pct_unconstrained": 101.2684548423764,
    "budget_used_pct": 183.4
  },
  "B25_ra2.0_corr3": {
    "reward": 26.7301274482327,
    "reward_std": 1.1131371044171932,
    "cost": 65.65,
    "cost_std": 49.822961573957045,
    "budget": 25,
    "utilization": 262.6,
    "goal_rate": 100.0,
    "pct_unconstrained": 100.30535461756745,
    "budget_used_pct": 262.6
  },
  "B25_ra5.0_corr0": {
    "reward": 26.88832026647463,
    "reward_std": 1.0574671859533538,
    "cost": 63.35,
    "cost_std": 36.53529115800228,
    "budget": 25,
    "utilization": 253.4,
    "goal_rate": 100.0,
    "pct_unconstrained": 100.89897643109748,
    "budget_used_pct": 253.4
  },
  "B25_ra5.0_corr3": {
    "reward": 27.16668957940761,
    "reward_std": 1.1479201094895617,
    "cost": 43.25,
    "cost_std": 34.674017650107984,
    "budget": 25,
    "utilization": 173.0,
    "goal_rate": 100.0,
    "pct_unconstrained": 101.94356301986204,
    "budget_used_pct": 173.0
  },
  "B40_ra0.0_corr0": {
    "reward": 26.957804271891035,
    "reward_std": 1.152452910313955,
    "cost": 46.35,
    "cost_std": 32.322244662151796,
    "budget": 40,
    "utilization": 115.875,
    "goal_rate": 100.0,
    "pct_unconstrained": 101.15971659468403,
    "budget_used_pct": 115.875
  },
  "B40_ra0.0_corr3": {
    "reward": 27.057723082034027,
    "reward_std": 0.8888422935493688,
    "cost": 44.45,
    "cost_std": 44.319831904013355,
    "budget": 40,
    "utilization": 111.125,
    "goal_rate": 100.0,
    "pct_unconstrained": 101.53466399079234,
    "budget_used_pct": 111.125
  },
  "B40_ra2.0_corr0": {
    "reward": 25.824189102325953,
    "reward_std": 3.780050346847016,
    "cost": 84.9,
    "cost_std": 113.06321240792693,
    "budget": 40,
    "utilization": 212.25,
    "goal_rate": 100.0,
    "pct_unconstrained": 96.90580228756772,
    "budget_used_pct": 212.25
  },
  "B40_ra2.0_corr3": {
    "reward": 26.523265211811964,
    "reward_std": 1.5100580244592106,
    "cost": 52.35,
    "cost_std": 40.330230596910795,
    "budget": 40,
    "utilization": 130.875,
    "goal_rate": 100.0,
    "pct_unconstrained": 99.52909980840688,
    "budget_used_pct": 130.875
  },
  "B40_ra5.0_corr0": {
    "reward": 26.746231487699596,
    "reward_std": 0.7553828592393722,
    "cost": 49.4,
    "cost_std": 41.15628749049165,
    "budget": 40,
    "utilization": 123.5,
    "goal_rate": 100.0,
    "pct_unconstrained": 100.36578535784844,
    "budget_used_pct": 123.5
  },
  "B40_ra5.0_corr3": {
    "reward": 26.554108500158843,
    "reward_std": 2.789552339392253,
    "cost": 57.8,
    "cost_std": 40.86514407169024,
    "budget": 40,
    "utilization": 144.5,
    "goal_rate": 100.0,
    "pct_unconstrained": 99.64483988413969,
    "budget_used_pct": 144.5
  },
  "B56_ra0.0_corr0": {
    "reward": 26.996159935116015,
    "reward_std": 0.8970621042730756,
    "cost": 51.45,
    "cost_std": 34.1869492643026,
    "budget": 56,
    "utilization": 91.875,
    "goal_rate": 100.0,
    "pct_unconstrained": 101.30364701210627,
    "budget_used_pct": 91.875
  },
  "B56_ra0.0_corr3": {
    "reward": 26.950741621911142,
    "reward_std": 1.3631452941938322,
    "cost": 49.05,
    "cost_std": 31.950704217591195,
    "budget": 56,
    "utilization": 87.58928571428571,
    "goal_rate": 100.0,
    "pct_unconstrained": 101.13321385495169,
    "budget_used_pct": 87.58928571428571
  },
  "B56_ra2.0_corr0": {
    "reward": 26.64089111379322,
    "reward_std": 0.7836017387284002,
    "cost": 45.75,
    "cost_std": 30.084672177040588,
    "budget": 56,
    "utilization": 81.69642857142857,
    "goal_rate": 100.0,
    "pct_unconstrained": 99.97049343188625,
    "budget_used_pct": 81.69642857142857
  },
  "B56_ra2.0_corr3": {
    "reward": 27.21301777809709,
    "reward_std": 1.2364707974295175,
    "cost": 48.1,
    "cost_std": 25.860974459598385,
    "budget": 56,
    "utilization": 85.89285714285714,
    "goal_rate": 100.0,
    "pct_unconstrained": 102.11741054106601,
    "budget_used_pct": 85.89285714285714
  },
  "B56_ra5.0_corr0": {
    "reward": 26.50965065819513,
    "reward_std": 0.8050245132523314,
    "cost": 52.6,
    "cost_std": 34.0079402493006,
    "budget": 56,
    "utilization": 93.92857142857143,
    "goal_rate": 100.0,
    "pct_unconstrained": 99.4780109151294,
    "budget_used_pct": 93.92857142857143
  },
  "B56_ra5.0_corr3": {
    "reward": 27.13674614923965,
    "reward_std": 1.064740491493454,
    "cost": 39.65,
    "cost_std": 32.79066178045206,
    "budget": 56,
    "utilization": 70.80357142857143,
    "goal_rate": 100.0,
    "pct_unconstrained": 101.8311996805072,
    "budget_used_pct": 70.80357142857143
  }
}