{
  "unconstrained": {
    "reward": 26.489172841834375,
    "reward_std": 1.0722289540134764,
    "cost": 51.15,
    "cost_std": 39.332270465865555,
    "budget": 1000,
    "utilization": 5.115,
    "goal_rate": 100.0
  },
  "B10_ra0.0_corr0": {
    "reward": 27.345409876966404,
    "reward_std": 1.0997361848916503,
    "cost": 63.7,
    "cost_std": 35.451516187604724,
    "budget": 10,
    "utilization": 637.0,
    "goal_rate": 100.0,
    "pct_unconstrained": 103.23240382115584,
    "budget_used_pct": 637.0
  },
  "B10_ra0.0_corr3": {
    "reward": 27.278327307754978,
    "reward_std": 1.6764196708479226,
    "cost": 58.9,
    "cost_std": 40.692628325041866,
    "budget": 10,
    "utilization": 589.0,
    "goal_rate": 100.0,
    "pct_unconstrained": 102.97915858163111,
    "budget_used_pct": 589.0
  },
  "B10_ra2.0_corr0": {
    "reward": 26.73920073884876,
    "reward_std": 0.7768474128674797,
    "cost": 50.8,
    "cost_std": 30.979993544221404,
    "budget": 10,
    "utilization": 508.0,
    "goal_rate": 100.0,
    "pct_unconstrained": 100.94388714403159,
    "budget_used_pct": 508.0
  },
  "B10_ra2.0_corr3": {
    "reward": 26.67405278044223,
    "reward_std": 1.1325465610612857,
    "cost": 60.7,
    "cost_std": 34.72045506614221,
    "budget": 10,
    "utilization": 607.0,
    "goal_rate": 100.0,
    "pct_unconstrained": 100.6979453066042,
    "budget_used_pct": 607.0
  },
  "B10_ra5.0_corr0": {
    "reward": 26.738848929595196,
    "reward_std": 0.9090977260189127,
    "cost": 60.15,
    "cost_std": 47.913750635908265,
    "budget": 10,
    "utilization": 601.5,
    "goal_rate": 100.0,
    "pct_unconstrained": 100.9425590193081,
    "budget_used_pct": 601.5
  },
  "B10_ra5.0_corr3": {
    "reward": 26.7011940241804,
    "reward_std": 1.2114505139225418,
    "cost": 54.05,
    "cost_std": 37.51196475792757,
    "budget": 10,
    "utilization": 540.5,
    "goal_rate": 100.0,
    "pct_unconstrained": 100.80040695725756,
    "budget_used_pct": 540.5
  },
  "B25_ra0.0_corr0": {
    "reward": 27.00200066559422,
    "reward_std": 1.3081837865987849,
    "cost": 52.9,
    "cost_std": 31.208812857909223,
    "budget": 25,
    "utilization": 211.6,
    "goal_rate": 100.0,
    "pct_unconstrained": 101.93599032639455,
    "budget_used_pct": 211.6
  },
  "B25_ra0.0_corr3": {
    "reward": 26.671155619602622,
    "reward_std": 1.048407638711097,
    "cost": 68.75,
    "cost_std": 41.058342635815194,
    "budget": 25,
    "utilization": 275.0,
    "goal_rate": 100.0,
    "pct_unconstrained": 100.68700815557685,
    "budget_used_pct": 275.0
  },
  "B25_ra2.0_corr0": {
    "reward": 26.833174453583002,
    "reward_std": 0.8622063893791037,
    "cost": 59.35,
    "cost_std": 41.59119498163043,
    "budget": 25,
    "utilization": 237.4,
    "goal_rate": 100.0,
    "pct_unconstrained": 101.298649881605,
    "budget_used_pct": 237.4
  },
  "B25_ra2.0_corr3": {
    "reward": 26.65135584999309,
    "reward_std": 0.9196593934476315,
    "cost": 52.65,
    "cost_std": 32.30522403575001,
    "budget": 25,
    "utilization": 210.6,
    "goal_rate": 100.0,
    "pct_unconstrained": 100.61226150445356,
    "budget_used_pct": 210.6
  },
  "B25_ra5.0_corr0": {
    "reward": 27.39156506281296,
    "reward_std": 1.2287866085462467,
    "cost": 74.4,
    "cost_std": 41.380430157261536,
    "budget": 25,
    "utilization": 297.6,
    "goal_rate": 100.0,
    "pct_unconstrained": 103.40664552406649,
    "budget_used_pct": 297.6
  },
  "B25_ra5.0_corr3": {
    "reward": 26.567389654570842,
    "reward_std": 1.0230919010499913,
    "cost": 61.55,
    "cost_std": 45.69734675011232,
    "budget": 25,
    "utilization": 246.2,
    "goal_rate": 100.0,
    "pct_unconstrained": 100.29527842641028,
    "budget_used_pct": 246.2
  },
  "B40_ra0.0_corr0": {
    "reward": 26.902672181877495,
    "reward_std": 1.0213619211784906,
    "cost": 53.5,
    "cost_std": 39.7234187853966,
    "budget": 40,
    "utilization": 133.75,
    "goal_rate": 100.0,
    "pct_unconstrained": 101.56101265415914,
    "budget_used_pct": 133.75
  },
  "B40_ra0.0_corr3": {
    "reward": 26.791764140302064,
    "reward_std": 1.2500059677294546,
    "cost": 69.75,
    "cost_std": 48.16624855643213,
    "budget": 40,
    "utilization": 174.375,
    "goal_rate": 100.0,
    "pct_unconstrained": 101.14232067673252,
    "budget_used_pct": 174.375
  },
  "B40_ra2.0_corr0": {
    "reward": 26.894544913340447,
    "reward_std": 1.1981634021589347,
    "cost": 51.45,
    "cost_std": 34.94349009472294,
    "budget": 40,
    "utilization": 128.625,
    "goal_rate": 100.0,
    "pct_unconstrained": 101.53033118069231,
    "budget_used_pct": 128.625
  },
  "B40_ra2.0_corr3": {
    "reward": 26.793202178842314,
    "reward_std": 1.191495682888019,
    "cost": 52.25,
    "cost_std": 30.935214562048863,
    "budget": 40,
    "utilization": 130.625,
    "goal_rate": 100.0,
    "pct_unconstrained": 101.14774945530873,
    "budget_used_pct": 130.625
  },
  "B40_ra5.0_corr0": {
    "reward": 26.986245520820745,
    "reward_std": 1.141418460257646,
    "cost": 52.2,
    "cost_std": 35.60280887795231,
    "budget": 40,
    "utilization": 130.5,
    "goal_rate": 100.0,
    "pct_unconstrained": 101.87651264897687,
    "budget_used_pct": 130.5
  },
  "B40_ra5.0_corr3": {
    "reward": 26.904848888062862,
    "reward_std": 0.8632558049456324,
    "cost": 54.6,
    "cost_std": 34.93479640702089,
    "budget": 40,
    "utilization": 136.5,
    "goal_rate": 100.0,
    "pct_unconstrained": 101.5692299971406,
    "budget_used_pct": 136.5
  },
  "B51_ra0.0_corr0": {
    "reward": 26.573660241382203,
    "reward_std": 1.0029340027231648,
    "cost": 39.55,
    "cost_std": 35.45909615317345,
    "budget": 51,
    "utilization": 77.54901960784314,
    "goal_rate": 100.0,
    "pct_unconstrained": 100.31895068997548,
    "budget_used_pct": 77.54901960784314
  },
  "B51_ra0.0_corr3": {
    "reward": 27.261704511757188,
    "reward_std": 1.0975330576817692,
    "cost": 54.6,
    "cost_std": 37.75102647611055,
    "budget": 51,
    "utilization": 107.05882352941177,
    "goal_rate": 100.0,
    "pct_unconstrained": 102.91640541037489,
    "budget_used_pct": 107.05882352941177
  },
  "B51_ra2.0_corr0": {
    "reward": 26.874424092262398,
    "reward_std": 1.1489806845529342,
    "cost": 43.05,
    "cost_std": 31.906856629884427,
    "budget": 51,
    "utilization": 84.41176470588235,
    "goal_rate": 100.0,
    "pct_unconstrained": 101.45437251940005,
    "budget_used_pct": 84.41176470588235
  },
  "B51_ra2.0_corr3": {
    "reward": 27.3245877817104,
    "reward_std": 0.9300579173954535,
    "cost": 63.05,
    "cost_std": 36.72665925455241,
    "budget": 51,
    "utilization": 123.62745098039215,
    "goal_rate": 100.0,
    "pct_unconstrained": 103.15379776055767,
    "budget_used_pct": 123.62745098039215
  },
  "B51_ra5.0_corr0": {
    "reward": 26.664627052150053,
    "reward_std": 1.070934555812062,
    "cost": 52.15,
    "cost_std": 44.0412022996648,
    "budget": 51,
    "utilization": 102.25490196078431,
    "goal_rate": 100.0,
    "pct_unconstrained": 100.66236198224576,
    "budget_used_pct": 102.25490196078431
  },
  "B51_ra5.0_corr3": {
    "reward": 26.921452490789626,
    "reward_std": 1.1492796217374188,
    "cost": 40.45,
    "cost_std": 35.416768627304215,
    "budget": 51,
    "utilization": 79.31372549019609,
    "goal_rate": 100.0,
    "pct_unconstrained": 101.63191071135506,
    "budget_used_pct": 79.31372549019609
  }
}