{
  "unconstrained": {
    "reward": 24.68603355757371,
    "reward_std": 7.359904529513109,
    "cost": 38.3,
    "cost_std": 38.53063716057652,
    "budget": 1000,
    "utilization": 3.8299999999999996,
    "goal_rate": 100.0
  },
  "B10_ra0.0_corr0": {
    "reward": 26.65519861284459,
    "reward_std": 0.8830034663843264,
    "cost": 55.8,
    "cost_std": 30.367087446773684,
    "budget": 10,
    "utilization": 558.0,
    "goal_rate": 100.0,
    "pct_unconstrained": 107.97683860664904,
    "budget_used_pct": 558.0
  },
  "B10_ra0.0_corr3": {
    "reward": 24.849765011350392,
    "reward_std": 1.2294789256962022,
    "cost": 55.5,
    "cost_std": 42.7369863233242,
    "budget": 10,
    "utilization": 555.0,
    "goal_rate": 100.0,
    "pct_unconstrained": 100.66325541280182,
    "budget_used_pct": 555.0
  },
  "B10_ra2.0_corr0": {
    "reward": 26.927813332618825,
    "reward_std": 0.9546154147984273,
    "cost": 38.6,
    "cost_std": 32.748129717588455,
    "budget": 10,
    "utilization": 386.0,
    "goal_rate": 100.0,
    "pct_unconstrained": 109.08116635998549,
    "budget_used_pct": 386.0
  },
  "B10_ra2.0_corr3": {
    "reward": 25.072378274982377,
    "reward_std": 1.845603894144832,
    "cost": 65.4,
    "cost_std": 59.33161046187773,
    "budget": 10,
    "utilization": 654.0000000000001,
    "goal_rate": 100.0,
    "pct_unconstrained": 101.56503359078572,
    "budget_used_pct": 654.0000000000001
  },
  "B10_ra5.0_corr0": {
    "reward": 26.561671245809315,
    "reward_std": 1.0740289730646189,
    "cost": 59.1,
    "cost_std": 24.410858239726025,
    "budget": 10,
    "utilization": 591.0,
    "goal_rate": 100.0,
    "pct_unconstrained": 107.59797107081286,
    "budget_used_pct": 591.0
  },
  "B10_ra5.0_corr3": {
    "reward": 24.549427282962455,
    "reward_std": 1.3021977332259391,
    "cost": 60.6,
    "cost_std": 32.24034739266933,
    "budget": 10,
    "utilization": 606.0,
    "goal_rate": 100.0,
    "pct_unconstrained": 99.44662525758682,
    "budget_used_pct": 606.0
  },
  "B25_ra0.0_corr0": {
    "reward": 26.493783236907962,
    "reward_std": 1.0147557254339616,
    "cost": 53.6,
    "cost_std": 41.85498775534405,
    "budget": 25,
    "utilization": 214.4,
    "goal_rate": 100.0,
    "pct_unconstrained": 107.32296533227239,
    "budget_used_pct": 214.4
  },
  "B25_ra0.0_corr3": {
    "reward": 27.040916632401917,
    "reward_std": 1.77624574742344,
    "cost": 30.2,
    "cost_std": 25.821696303690043,
    "budget": 25,
    "utilization": 120.8,
    "goal_rate": 100.0,
    "pct_unconstrained": 109.53933352369492,
    "budget_used_pct": 120.8
  },
  "B25_ra2.0_corr0": {
    "reward": 26.714487768510327,
    "reward_std": 1.0177913164400758,
    "cost": 43.2,
    "cost_std": 33.617852400175714,
    "budget": 25,
    "utilization": 172.8,
    "goal_rate": 100.0,
    "pct_unconstrained": 108.21701147819384,
    "budget_used_pct": 172.8
  },
  "B25_ra2.0_corr3": {
    "reward": 24.639047833287965,
    "reward_std": 1.95654800274034,
    "cost": 62.2,
    "cost_std": 57.26220393942238,
    "budget": 25,
    "utilization": 248.8,
    "goal_rate": 100.0,
    "pct_unconstrained": 99.80966677301087,
    "budget_used_pct": 248.8
  },
  "B25_ra5.0_corr0": {
    "reward": 27.08778753771491,
    "reward_std": 1.1281768211048646,
    "cost": 47.0,
    "cost_std": 19.53458471531965,
    "budget": 25,
    "utilization": 188.0,
    "goal_rate": 100.0,
    "pct_unconstrained": 109.72920163354608,
    "budget_used_pct": 188.0
  },
  "B25_ra5.0_corr3": {
    "reward": 24.71322824840355,
    "reward_std": 1.9752843417882218,
    "cost": 88.3,
    "cost_std": 41.861796425858266,
    "budget": 25,
    "utilization": 353.2,
    "goal_rate": 100.0,
    "pct_unconstrained": 100.11016225335031,
    "budget_used_pct": 353.2
  },
  "B40_ra0.0_corr0": {
    "reward": 26.163029528738054,
    "reward_std": 1.2113981872126995,
    "cost": 54.1,
    "cost_std": 34.1363442682429,
    "budget": 40,
    "utilization": 135.25,
    "goal_rate": 100.0,
    "pct_unconstrained": 105.98312388954521,
    "budget_used_pct": 135.25
  },
  "B40_ra0.0_corr3": {
    "reward": 26.589464343456523,
    "reward_std": 1.0769139871919469,
    "cost": 47.3,
    "cost_std": 35.70448151142934,
    "budget": 40,
    "utilization": 118.25,
    "goal_rate": 100.0,
    "pct_unconstrained": 107.71055739450227,
    "budget_used_pct": 118.25
  },
  "B40_ra2.0_corr0": {
    "reward": 26.744317402968896,
    "reward_std": 0.7978537191904638,
    "cost": 35.6,
    "cost_std": 26.586462720715595,
    "budget": 40,
    "utilization": 89.0,
    "goal_rate": 100.0,
    "pct_unconstrained": 108.3378475549536,
    "budget_used_pct": 89.0
  },
  "B40_ra2.0_corr3": {
    "reward": 26.205751810273092,
    "reward_std": 1.110126920343899,
    "cost": 49.2,
    "cost_std": 33.54638579638647,
    "budget": 40,
    "utilization": 123.0,
    "goal_rate": 100.0,
    "pct_unconstrained": 106.15618644913138,
    "budget_used_pct": 123.0
  },
  "B40_ra5.0_corr0": {
    "reward": 26.344403837608276,
    "reward_std": 0.7070929370939213,
    "cost": 34.5,
    "cost_std": 30.401480227120523,
    "budget": 40,
    "utilization": 86.25,
    "goal_rate": 100.0,
    "pct_unconstrained": 106.71784827711122,
    "budget_used_pct": 86.25
  },
  "B40_ra5.0_corr3": {
    "reward": 25.18222705561212,
    "reward_std": 2.862051193138174,
    "cost": 50.3,
    "cost_std": 37.89208360594598,
    "budget": 40,
    "utilization": 125.75,
    "goal_rate": 100.0,
    "pct_unconstrained": 102.01001710899067,
    "budget_used_pct": 125.75
  },
  "B38_ra0.0_corr0": {
    "reward": 26.62330679484735,
    "reward_std": 1.1288509759877654,
    "cost": 40.3,
    "cost_std": 27.752657530405983,
    "budget": 38,
    "utilization": 106.05263157894736,
    "goal_rate": 100.0,
    "pct_unconstrained": 107.84764888517005,
    "budget_used_pct": 106.05263157894736
  },
  "B38_ra0.0_corr3": {
    "reward": 25.700947307407898,
    "reward_std": 1.6140218261606385,
    "cost": 55.8,
    "cost_std": 47.727979215550285,
    "budget": 38,
    "utilization": 146.8421052631579,
    "goal_rate": 100.0,
    "pct_unconstrained": 104.11128724858598,
    "budget_used_pct": 146.8421052631579
  },
  "B38_ra2.0_corr0": {
    "reward": 26.229248044295844,
    "reward_std": 0.7990893951915063,
    "cost": 62.4,
    "cost_std": 37.60372321991534,
    "budget": 38,
    "utilization": 164.21052631578948,
    "goal_rate": 100.0,
    "pct_unconstrained": 106.25136672168492,
    "budget_used_pct": 164.21052631578948
  },
  "B38_ra2.0_corr3": {
    "reward": 26.273644306256585,
    "reward_std": 1.1660478743237153,
    "cost": 45.0,
    "cost_std": 33.633316815324655,
    "budget": 38,
    "utilization": 118.42105263157895,
    "goal_rate": 100.0,
    "pct_unconstrained": 106.43121036427414,
    "budget_used_pct": 118.42105263157895
  },
  "B38_ra5.0_corr0": {
    "reward": 26.98341121244953,
    "reward_std": 1.248457384466242,
    "cost": 54.6,
    "cost_std": 35.847454581880704,
    "budget": 38,
    "utilization": 143.68421052631578,
    "goal_rate": 100.0,
    "pct_unconstrained": 109.30638633994313,
    "budget_used_pct": 143.68421052631578
  },
  "B38_ra5.0_corr3": {
    "reward": 25.54001002443094,
    "reward_std": 1.9490533022656333,
    "cost": 46.8,
    "cost_std": 34.46969683649683,
    "budget": 38,
    "utilization": 123.15789473684211,
    "goal_rate": 100.0,
    "pct_unconstrained": 103.4593506683265,
    "budget_used_pct": 123.15789473684211
  }
}