{
  "unconstrained": {
    "power_mean": 79080301.13003534,
    "power_se": 2256769.0734132053,
    "neg_yaw_mean": [
      92.9,
      95.26666666666667,
      101.16666666666667,
      91.23333333333333,
      87.73333333333333,
      107.5,
      93.4,
      90.7,
      105.8
    ]
  },
  "blend": {
    "power_mean": 69641941.41757481,
    "power_se": 3301900.3012469625,
    "neg_yaw_mean": [
      11.9,
      12.733333333333333,
      12.733333333333333,
      11.7,
      11.966666666666667,
      13.033333333333333,
      11.633333333333333,
      11.8,
      12.333333333333334
    ],
    "sigma_mean": 0.7040470606487167,
    "budget_satisfied": true
  },
  "pct_uncon": 88.06484095585245,
  "meta": {
    "budget": 15,
    "sharpness": 3.0,
    "sigma_max": 1.0,
    "n_episodes": 30,
    "checkpoint": "runs/ebt_wf_seed2/checkpoints/step_100000.pt"
  }
}