{
  "unconstrained": {
    "power_mean": 73514762.91323179,
    "power_se": 3194343.675386426,
    "neg_yaw_mean": [
      36.233333333333334,
      51.03333333333333,
      76.83333333333333,
      34.3,
      54.9,
      77.36666666666666,
      34.3,
      48.8,
      52.86666666666667
    ]
  },
  "blend": {
    "power_mean": 72236478.25254777,
    "power_se": 3438558.0352732507,
    "neg_yaw_mean": [
      9.133333333333333,
      12.233333333333333,
      13.966666666666667,
      9.133333333333333,
      12.266666666666667,
      14.2,
      9.166666666666666,
      11.733333333333333,
      13.233333333333333
    ],
    "sigma_mean": 0.6335812504435113,
    "budget_satisfied": true
  },
  "pct_uncon": 98.2611864474177,
  "meta": {
    "budget": 15,
    "sharpness": 3.0,
    "sigma_max": 1.0,
    "n_episodes": 30,
    "checkpoint": "runs/ebt_sac_windfarm/checkpoints/step_100000.pt"
  }
}