{
  "unconstrained": {
    "power_mean": 75427002.1139309,
    "power_se": 3107624.1662348853,
    "neg_yaw_mean": [
      84.93333333333334,
      79.6,
      63.833333333333336,
      82.96666666666667,
      75.4,
      55.766666666666666,
      81.86666666666666,
      74.33333333333333,
      59.766666666666666
    ]
  },
  "blend": {
    "power_mean": 79080086.32126474,
    "power_se": 1933721.4839245575,
    "neg_yaw_mean": [
      122.0,
      113.7,
      102.8,
      120.76666666666667,
      116.73333333333333,
      103.83333333333333,
      118.03333333333333,
      118.76666666666667,
      105.8
    ],
    "sigma_mean": 0.5,
    "budget_satisfied": false
  },
  "pct_uncon": 104.84320482712006,
  "meta": {
    "budget": 15,
    "sharpness": 3.0,
    "sigma_max": 1.0,
    "n_episodes": 30,
    "checkpoint": "runs/ebt_wf_seed3/checkpoints/step_100000.pt"
  }
}