{
  "unconstrained": {
    "power_mean": 71382832.51389933,
    "power_se": 3058201.2663453463,
    "neg_yaw_mean": [
      35.5,
      59.8,
      71.03333333333333,
      32.0,
      64.23333333333333,
      96.13333333333334,
      27.333333333333332,
      41.13333333333333,
      76.53333333333333
    ]
  },
  "blend": {
    "power_mean": 77296643.82995626,
    "power_se": 2802301.064777688,
    "neg_yaw_mean": [
      30.266666666666666,
      36.03333333333333,
      43.6,
      28.333333333333332,
      42.9,
      70.83333333333333,
      25.466666666666665,
      41.266666666666666,
      68.93333333333334
    ],
    "sigma_mean": 0.699999988079071,
    "budget_satisfied": false
  },
  "pct_uncon": 108.284640869225,
  "meta": {
    "budget": 15,
    "sharpness": 3.0,
    "sigma_max": 1.0,
    "n_episodes": 30,
    "checkpoint": "runs/ebt_sac_windfarm/checkpoints/step_100000.pt"
  }
}