{
  "unconstrained": {
    "power_mean": 74406307.02865675,
    "power_se": 2908790.838483015,
    "neg_yaw_mean": [
      36.03333333333333,
      63.96666666666667,
      89.23333333333333,
      34.1,
      65.76666666666667,
      92.06666666666666,
      34.1,
      44.4,
      62.86666666666667
    ]
  },
  "blend": {
    "power_mean": 78262188.4776911,
    "power_se": 2270853.95551298,
    "neg_yaw_mean": [
      8.5,
      11.0,
      11.933333333333334,
      8.766666666666667,
      11.266666666666667,
      11.633333333333333,
      8.633333333333333,
      9.866666666666667,
      10.2
    ],
    "sigma_mean": 0.34875926503539084,
    "budget_satisfied": true
  },
  "pct_uncon": 105.1821970515877,
  "meta": {
    "budget": 15,
    "sharpness": 3.0,
    "sigma_max": 1.0,
    "n_episodes": 30,
    "checkpoint": "runs/ebt_sac_windfarm/checkpoints/step_100000.pt"
  }
}