{
  "unconstrained": {
    "power_mean": 78928977.1271161,
    "power_se": 2396443.8134975354,
    "neg_yaw_mean": [
      93.5,
      85.96666666666667,
      87.06666666666666,
      95.4,
      87.43333333333334,
      73.6,
      94.83333333333333,
      88.9,
      76.9
    ]
  },
  "blend": {
    "power_mean": 80716859.3629928,
    "power_se": 2459589.157343561,
    "neg_yaw_mean": [
      92.56666666666666,
      87.43333333333334,
      88.0,
      89.6,
      88.66666666666667,
      86.56666666666666,
      90.3,
      89.36666666666666,
      90.26666666666667
    ],
    "sigma_mean": 0.699999988079071,
    "budget_satisfied": false
  },
  "pct_uncon": 102.26517851992088,
  "meta": {
    "budget": 15,
    "sharpness": 3.0,
    "sigma_max": 1.0,
    "n_episodes": 30,
    "checkpoint": "runs/ebt_wf_seed3/checkpoints/step_100000.pt"
  }
}