{
  "unconstrained": {
    "power_mean": 78771527.25355148,
    "power_se": 2703679.2109791217,
    "neg_yaw_mean": [
      86.33333333333333,
      81.56666666666666,
      98.6,
      82.83333333333333,
      78.1,
      101.93333333333334,
      89.43333333333334,
      77.6,
      97.73333333333333
    ]
  },
  "blend": {
    "power_mean": 77100773.55383386,
    "power_se": 2235182.6751396116,
    "neg_yaw_mean": [
      0.4,
      0.5333333333333333,
      0.5333333333333333,
      0.43333333333333335,
      0.5,
      0.4,
      0.6333333333333333,
      0.4,
      0.36666666666666664
    ],
    "sigma_mean": 1.0,
    "budget_satisfied": true
  },
  "pct_uncon": 97.87898780438803,
  "meta": {
    "budget": 15,
    "sharpness": 3.0,
    "sigma_max": 1.0,
    "n_episodes": 30,
    "checkpoint": "runs/ebt_wf_seed2/checkpoints/step_100000.pt"
  }
}