{
  "unconstrained": {
    "power_mean": 76655028.0766001,
    "power_se": 3048149.070446796,
    "neg_yaw_mean": [
      83.93333333333334,
      80.26666666666667,
      73.73333333333333,
      86.2,
      82.53333333333333,
      68.4,
      87.36666666666666,
      84.96666666666667,
      69.96666666666667
    ]
  },
  "blend": {
    "power_mean": 76463315.54379389,
    "power_se": 2896217.806923816,
    "neg_yaw_mean": [
      0.5333333333333333,
      0.5666666666666667,
      0.8333333333333334,
      0.23333333333333334,
      0.4666666666666667,
      0.6,
      0.5333333333333333,
      0.4666666666666667,
      0.5333333333333333
    ],
    "sigma_mean": 1.0,
    "budget_satisfied": true
  },
  "pct_uncon": 99.74990220783086,
  "meta": {
    "budget": 15,
    "sharpness": 3.0,
    "sigma_max": 1.0,
    "n_episodes": 30,
    "checkpoint": "runs/ebt_wf_seed3/checkpoints/step_100000.pt"
  }
}