{
  "unconstrained": {
    "power_mean": 76374313.01280358,
    "power_se": 3201459.967253203,
    "neg_yaw_mean": [
      100.2,
      96.3,
      86.36666666666666,
      99.76666666666667,
      94.83333333333333,
      88.36666666666666,
      103.76666666666667,
      99.13333333333334,
      90.86666666666666
    ]
  },
  "blend": {
    "power_mean": 80312195.8774244,
    "power_se": 2453444.7117997124,
    "neg_yaw_mean": [
      11.5,
      11.833333333333334,
      11.4,
      11.266666666666667,
      11.566666666666666,
      11.333333333333334,
      11.8,
      12.4,
      11.933333333333334
    ],
    "sigma_mean": 0.6257037061850231,
    "budget_satisfied": true
  },
  "pct_uncon": 105.1560304888905,
  "meta": {
    "budget": 15,
    "sharpness": 3.0,
    "sigma_max": 1.0,
    "n_episodes": 30,
    "checkpoint": "runs/ebt_wf_seed3/checkpoints/step_100000.pt"
  }
}