{
  "unconstrained": {
    "power_mean": 76482098.2256665,
    "power_se": 2527297.0817312244,
    "neg_yaw_mean": [
      47.63333333333333,
      63.8,
      73.53333333333333,
      47.2,
      75.6,
      103.4,
      46.266666666666666,
      68.0,
      95.0
    ]
  },
  "blend": {
    "power_mean": 77239243.65810539,
    "power_se": 2608704.060737208,
    "neg_yaw_mean": [
      21.566666666666666,
      43.0,
      54.1,
      24.6,
      45.53333333333333,
      69.83333333333333,
      17.4,
      34.3,
      49.03333333333333
    ],
    "sigma_mean": 0.5,
    "budget_satisfied": false
  },
  "pct_uncon": 100.98996425307904,
  "meta": {
    "budget": 15,
    "sharpness": 3.0,
    "sigma_max": 1.0,
    "n_episodes": 30,
    "checkpoint": "runs/ebt_sac_windfarm/checkpoints/step_100000.pt"
  }
}