{
  "unconstrained": {
    "power_mean": 80589119.1748817,
    "power_se": 2073464.8147318156,
    "neg_yaw_mean": [
      51.1,
      61.8,
      80.76666666666667,
      49.96666666666667,
      62.03333333333333,
      97.03333333333333,
      48.3,
      64.03333333333333,
      84.5
    ]
  },
  "blend": {
    "power_mean": 77071296.12404352,
    "power_se": 2815061.607711393,
    "neg_yaw_mean": [
      0.5333333333333333,
      0.9,
      0.4,
      0.4,
      0.3333333333333333,
      0.6,
      0.4666666666666667,
      0.36666666666666664,
      0.36666666666666664
    ],
    "sigma_mean": 1.0,
    "budget_satisfied": true
  },
  "pct_uncon": 95.63486598829259,
  "meta": {
    "budget": 15,
    "sharpness": 3.0,
    "sigma_max": 1.0,
    "n_episodes": 30,
    "checkpoint": "runs/ebt_sac_windfarm/checkpoints/step_100000.pt"
  }
}