{
  "unconstrained": {
    "power_mean": 77155628.93124802,
    "power_se": 2968959.091687544,
    "neg_yaw_mean": [
      101.76666666666667,
      71.66666666666667,
      79.73333333333333,
      97.5,
      70.46666666666667,
      92.23333333333333,
      99.56666666666666,
      72.76666666666667,
      97.26666666666667
    ]
  },
  "blend": {
    "power_mean": 79004540.13749368,
    "power_se": 2336885.671095654,
    "neg_yaw_mean": [
      13.1,
      13.333333333333334,
      13.766666666666667,
      13.033333333333333,
      13.0,
      13.966666666666667,
      13.433333333333334,
      13.3,
      14.033333333333333
    ],
    "sigma_mean": 0.6010925967097283,
    "budget_satisfied": true
  },
  "pct_uncon": 102.39634001025796,
  "meta": {
    "budget": 15,
    "sharpness": 3.0,
    "sigma_max": 1.0,
    "n_episodes": 30,
    "checkpoint": "runs/ebt_wf_seed2/checkpoints/step_100000.pt"
  }
}