{
  "unconstrained": {
    "power_mean": 76707654.33858582,
    "power_se": 2474790.0442133327,
    "neg_yaw_mean": [
      86.2,
      65.9,
      77.33333333333333,
      81.7,
      63.93333333333333,
      79.83333333333333,
      76.5,
      62.06666666666667,
      83.86666666666666
    ]
  },
  "blend": {
    "power_mean": 76561529.97198728,
    "power_se": 2741544.2364944527,
    "neg_yaw_mean": [
      83.0,
      70.06666666666666,
      71.86666666666666,
      84.23333333333333,
      70.53333333333333,
      74.0,
      79.53333333333333,
      66.16666666666667,
      66.56666666666666
    ],
    "sigma_mean": 0.699999988079071,
    "budget_satisfied": false
  },
  "pct_uncon": 99.80950484295406,
  "meta": {
    "budget": 15,
    "sharpness": 3.0,
    "sigma_max": 1.0,
    "n_episodes": 30,
    "checkpoint": "runs/ebt_wf_seed2/checkpoints/step_100000.pt"
  }
}