{
  "unconstrained": {
    "power_mean": 76522386.13950665,
    "power_se": 2747834.977682101,
    "neg_yaw_mean": [
      128.76666666666668,
      121.76666666666667,
      115.33333333333333,
      127.86666666666666,
      123.9,
      113.8,
      127.53333333333333,
      126.1,
      115.86666666666666
    ]
  },
  "blend": {
    "power_mean": 79756505.17207578,
    "power_se": 2379466.2484915215,
    "neg_yaw_mean": [
      10.833333333333334,
      10.3,
      9.766666666666667,
      11.9,
      10.1,
      8.8,
      11.7,
      10.733333333333333,
      9.466666666666667
    ],
    "sigma_mean": 0.5991759493164136,
    "budget_satisfied": true
  },
  "pct_uncon": 104.22636981898742,
  "meta": {
    "budget": 15,
    "sharpness": 3.0,
    "sigma_max": 1.0,
    "n_episodes": 30,
    "checkpoint": "runs/ebt_wf_seed3/checkpoints/step_100000.pt"
  }
}