{
  "unconstrained": {
    "power_mean": 78170547.6870792,
    "power_se": 2492045.034218606,
    "neg_yaw_mean": [
      96.53333333333333,
      100.63333333333334,
      99.5,
      97.93333333333334,
      88.96666666666667,
      109.03333333333333,
      102.76666666666667,
      87.63333333333334,
      102.26666666666667
    ]
  },
  "blend": {
    "power_mean": 77781549.67424649,
    "power_se": 2691856.116860443,
    "neg_yaw_mean": [
      89.7,
      84.83333333333333,
      92.4,
      87.6,
      76.16666666666667,
      96.03333333333333,
      88.3,
      75.36666666666666,
      83.86666666666666
    ],
    "sigma_mean": 0.5,
    "budget_satisfied": false
  },
  "pct_uncon": 99.5023726654828,
  "meta": {
    "budget": 15,
    "sharpness": 3.0,
    "sigma_max": 1.0,
    "n_episodes": 30,
    "checkpoint": "runs/ebt_wf_seed2/checkpoints/step_100000.pt"
  }
}