{
  "unconstrained": {
    "power_mean": 27407543.498233162,
    "power_se": 542492.3612209496,
    "neg_yaw_mean": [
      102.46,
      92.46,
      95.44
    ]
  },
  "blend": {
    "power_mean": 25843640.65840106,
    "power_se": 675404.489927894,
    "neg_yaw_mean": [
      14.26,
      12.18,
      12.86
    ],
    "sigma_mean": 0.6584000037282705,
    "budget_satisfied": true
  },
  "pct_uncon": 94.29389635034997,
  "meta": {
    "budget": 15,
    "sharpness": 3.0,
    "sigma_max": 1.0,
    "n_episodes": 50,
    "checkpoint": "runs/ebt_wf_seed2/checkpoints/step_100000.pt"
  }
}