{
  "unconstrained": {
    "power_mean": 27367479.959779434,
    "power_se": 628361.6947197547,
    "neg_yaw_mean": [
      36.92,
      39.18,
      41.62
    ]
  },
  "blend": {
    "power_mean": 26586696.28626001,
    "power_se": 589376.369522543,
    "neg_yaw_mean": [
      9.86,
      10.7,
      10.92
    ],
    "sigma_mean": 0.37060000288784506,
    "budget_satisfied": true
  },
  "pct_uncon": 97.14703847534774,
  "meta": {
    "budget": 15,
    "sharpness": 3.0,
    "sigma_max": 1.0,
    "n_episodes": 50,
    "checkpoint": "runs/ebt_wf_seed4/checkpoints/step_100000.pt"
  }
}