{
  "unconstrained": {
    "power_mean": 25739138.17791759,
    "power_se": 766944.2511297321,
    "neg_yaw_mean": [
      108.02,
      84.3,
      91.06
    ]
  },
  "blend": {
    "power_mean": 26151172.888414122,
    "power_se": 708690.5926635002,
    "neg_yaw_mean": [
      14.06,
      12.0,
      12.96
    ],
    "sigma_mean": 0.6074666711211204,
    "budget_satisfied": true
  },
  "pct_uncon": 101.60081004907161,
  "meta": {
    "budget": 15,
    "sharpness": 3.0,
    "sigma_max": 1.0,
    "n_episodes": 50,
    "checkpoint": "runs/ebt_wf_seed2/checkpoints/step_100000.pt"
  }
}