{
  "unconstrained": {
    "power_mean": 25691236.9345658,
    "power_se": 812771.4203974246,
    "neg_yaw_mean": [
      61.26,
      68.0,
      71.38
    ]
  },
  "blend": {
    "power_mean": 26803277.61846331,
    "power_se": 717778.995347347,
    "neg_yaw_mean": [
      43.54,
      45.08,
      49.84
    ],
    "sigma_mean": 0.30000001192092896,
    "budget_satisfied": false
  },
  "pct_uncon": 104.32848245777274,
  "meta": {
    "budget": 15,
    "sharpness": 3.0,
    "sigma_max": 1.0,
    "n_episodes": 50,
    "checkpoint": "runs/ebt_wf_seed4/checkpoints/step_100000.pt"
  }
}