{
  "unconstrained": {
    "power_mean": 24608998.852216262,
    "power_std": 5584366.995808768,
    "neg_yaw_mean": [
      84.4,
      96.2,
      94.2
    ],
    "fatigue_mean": 54.64306907410446,
    "fatigue_std": 59.7482185369697
  },
  "B15_ra0.0_gs0.05": {
    "power_mean": 25597691.11931047,
    "power_std": 3437744.196334886,
    "neg_yaw_mean": [
      66.1,
      64.7,
      80.6
    ],
    "fatigue_mean": 55.82019652574316,
    "fatigue_std": 77.58478242081844
  },
  "B15_ra0.0_gs0.1": {
    "power_mean": 26349467.664083887,
    "power_std": 4991995.106793595,
    "neg_yaw_mean": [
      41.0,
      41.8,
      59.8
    ],
    "fatigue_mean": 40.63513525362176,
    "fatigue_std": 62.536576115491776
  },
  "B15_ra0.0_gs0.5": {
    "power_mean": 26866888.191025894,
    "power_std": 4176681.897932535,
    "neg_yaw_mean": [
      24.0,
      34.9,
      62.8
    ],
    "fatigue_mean": 97.25146697556332,
    "fatigue_std": 145.55953966645825
  },
  "B15_ra2.0_gs0.05": {
    "power_mean": 28148149.1630696,
    "power_std": 2660865.0085017513,
    "neg_yaw_mean": [
      43.2,
      43.5,
      42.9
    ],
    "fatigue_mean": 9.542468418288184,
    "fatigue_std": 7.613949776620727
  },
  "B15_ra2.0_gs0.1": {
    "power_mean": 24461975.154135074,
    "power_std": 6081415.6832612865,
    "neg_yaw_mean": [
      108.3,
      35.9,
      94.1
    ],
    "fatigue_mean": 35.18864788953551,
    "fatigue_std": 34.29276741034675
  },
  "B15_ra2.0_gs0.5": {
    "power_mean": 27048733.530088007,
    "power_std": 3719832.9088768177,
    "neg_yaw_mean": [
      88.3,
      58.8,
      66.5
    ],
    "fatigue_mean": 37.07665437649771,
    "fatigue_std": 63.199428393559366
  },
  "B15_ra5.0_gs0.05": {
    "power_mean": 26017236.83807969,
    "power_std": 5297341.070595803,
    "neg_yaw_mean": [
      74.2,
      55.4,
      71.7
    ],
    "fatigue_mean": 22.538849551734963,
    "fatigue_std": 19.29940082549076
  },
  "B15_ra5.0_gs0.1": {
    "power_mean": 28114304.334945608,
    "power_std": 2893156.3634970346,
    "neg_yaw_mean": [
      96.9,
      59.5,
      89.2
    ],
    "fatigue_mean": 24.795613585632793,
    "fatigue_std": 21.06907744920399
  },
  "B15_ra5.0_gs0.5": {
    "power_mean": 26729849.132595878,
    "power_std": 5190595.0819332525,
    "neg_yaw_mean": [
      88.6,
      86.9,
      83.5
    ],
    "fatigue_mean": 40.295161885720496,
    "fatigue_std": 74.9117421541189
  },
  "B30_ra0.0_gs0.05": {
    "power_mean": 25114269.24883444,
    "power_std": 4987815.891672414,
    "neg_yaw_mean": [
      29.4,
      52.4,
      41.7
    ],
    "fatigue_mean": 46.41541291561568,
    "fatigue_std": 66.2543937193379
  },
  "B30_ra0.0_gs0.1": {
    "power_mean": 25452079.005843952,
    "power_std": 5311055.625228583,
    "neg_yaw_mean": [
      80.8,
      83.0,
      116.0
    ],
    "fatigue_mean": 51.638385563943075,
    "fatigue_std": 73.08883986966475
  },
  "B30_ra0.0_gs0.5": {
    "power_mean": 26720985.533592768,
    "power_std": 5253220.579911186,
    "neg_yaw_mean": [
      53.4,
      66.3,
      66.0
    ],
    "fatigue_mean": 32.66441520057452,
    "fatigue_std": 49.41501783344456
  },
  "B30_ra2.0_gs0.05": {
    "power_mean": 24931534.512796246,
    "power_std": 4594374.912284145,
    "neg_yaw_mean": [
      36.5,
      41.8,
      43.5
    ],
    "fatigue_mean": 27.72765482758888,
    "fatigue_std": 25.546729457439035
  },
  "B30_ra2.0_gs0.1": {
    "power_mean": 26276423.352952708,
    "power_std": 5273493.900529093,
    "neg_yaw_mean": [
      122.1,
      103.0,
      108.1
    ],
    "fatigue_mean": 29.99255053227505,
    "fatigue_std": 29.496856195467434
  },
  "B30_ra2.0_gs0.5": {
    "power_mean": 27582011.74302858,
    "power_std": 3741535.8625351167,
    "neg_yaw_mean": [
      46.7,
      36.1,
      44.2
    ],
    "fatigue_mean": 26.18500014203439,
    "fatigue_std": 33.66475985111508
  },
  "B30_ra5.0_gs0.05": {
    "power_mean": 27302743.841843754,
    "power_std": 3240918.8514032084,
    "neg_yaw_mean": [
      44.2,
      53.7,
      49.7
    ],
    "fatigue_mean": 26.95028131086292,
    "fatigue_std": 22.778574698316696
  },
  "B30_ra5.0_gs0.1": {
    "power_mean": 27389153.6350198,
    "power_std": 3448529.8459975948,
    "neg_yaw_mean": [
      37.0,
      27.5,
      32.5
    ],
    "fatigue_mean": 30.54930957063987,
    "fatigue_std": 40.79097008159327
  },
  "B30_ra5.0_gs0.5": {
    "power_mean": 26886561.834984552,
    "power_std": 3576776.431648321,
    "neg_yaw_mean": [
      37.6,
      35.1,
      40.1
    ],
    "fatigue_mean": 32.77629741679554,
    "fatigue_std": 54.67180172227941
  },
  "B50_ra0.0_gs0.05": {
    "power_mean": 25837328.027594365,
    "power_std": 6999143.011285098,
    "neg_yaw_mean": [
      22.4,
      40.6,
      48.1
    ],
    "fatigue_mean": 44.752732910677366,
    "fatigue_std": 57.23877211149312
  },
  "B50_ra0.0_gs0.1": {
    "power_mean": 24334091.19342699,
    "power_std": 6249279.715688087,
    "neg_yaw_mean": [
      36.0,
      63.8,
      74.4
    ],
    "fatigue_mean": 96.58108447837719,
    "fatigue_std": 86.96300960899792
  },
  "B50_ra0.0_gs0.5": {
    "power_mean": 23092249.190234546,
    "power_std": 5473086.163832454,
    "neg_yaw_mean": [
      23.7,
      36.0,
      99.5
    ],
    "fatigue_mean": 94.67311759226224,
    "fatigue_std": 85.33149916979288
  },
  "B50_ra2.0_gs0.05": {
    "power_mean": 26469031.503683142,
    "power_std": 3527115.0110777486,
    "neg_yaw_mean": [
      57.9,
      55.8,
      56.8
    ],
    "fatigue_mean": 7.772404335195219,
    "fatigue_std": 5.218251036890228
  },
  "B50_ra2.0_gs0.1": {
    "power_mean": 25092664.1462657,
    "power_std": 3671754.0572748855,
    "neg_yaw_mean": [
      40.0,
      28.6,
      55.7
    ],
    "fatigue_mean": 34.801266933006886,
    "fatigue_std": 31.984995486791977
  },
  "B50_ra2.0_gs0.5": {
    "power_mean": 27271089.800474495,
    "power_std": 4182831.975475715,
    "neg_yaw_mean": [
      60.8,
      60.2,
      78.6
    ],
    "fatigue_mean": 27.418411080575755,
    "fatigue_std": 32.73481729461214
  },
  "B50_ra5.0_gs0.05": {
    "power_mean": 23835317.142701328,
    "power_std": 6028698.9603320835,
    "neg_yaw_mean": [
      50.8,
      85.6,
      56.5
    ],
    "fatigue_mean": 34.91089601139049,
    "fatigue_std": 30.55694618210012
  },
  "B50_ra5.0_gs0.1": {
    "power_mean": 28449852.359934103,
    "power_std": 2003113.2177767956,
    "neg_yaw_mean": [
      109.0,
      110.7,
      109.1
    ],
    "fatigue_mean": 21.216454641548903,
    "fatigue_std": 26.66376240312227
  },
  "B50_ra5.0_gs0.5": {
    "power_mean": 28810362.874454457,
    "power_std": 2047031.4213636192,
    "neg_yaw_mean": [
      54.8,
      53.9,
      51.0
    ],
    "fatigue_mean": 10.385411751238568,
    "fatigue_std": 15.301353372452324
  }
}