{
  "hard_guard": {
    "unconstrained": {
      "power_mean": 26752630.683665365,
      "power_std": 3890720.159465631,
      "neg_yaw_mean": [
        83.9,
        87.0,
        100.7
      ]
    },
    "configs": {
      "Both (AC + guard)": {
        "power_mean": 24654452.037967432,
        "power_std": 5113361.424134236,
        "neg_yaw_mean": [
          13.4,
          16.4,
          19.6
        ],
        "neg_yaw_std": [
          15.047923444781343,
          14.914422550001728,
          14.40971894243604
        ]
      },
      "AC only (no guard)": {
        "power_mean": 26263037.919817638,
        "power_std": 3000490.6237483383,
        "neg_yaw_mean": [
          11.9,
          11.5,
          11.6
        ],
        "neg_yaw_std": [
          5.7870545184921145,
          5.661271941887264,
          6.003332407921454
        ]
      },
      "Guard only (\u03b7=0)": {
        "power_mean": 24834806.094475515,
        "power_std": 5681784.154780355,
        "neg_yaw_mean": [
          29.7,
          51.6,
          58.5
        ],
        "neg_yaw_std": [
          56.83845529216994,
          65.45868926277092,
          67.61989352254261
        ]
      }
    }
  },
  "schedule": {
    "exp_eta0.5": {
      "power_mean": 24253449.377543427,
      "power_std": 6256022.310060886,
      "neg_yaw_mean": [
        32.7,
        36.6,
        37.8
      ],
      "neg_yaw_std": [
        35.173996076647306,
        30.660071754645326,
        32.59079624679336
      ]
    },
    "exp_eta1.0": {
      "power_mean": 27731012.637721278,
      "power_std": 3365464.162309489,
      "neg_yaw_mean": [
        31.9,
        30.4,
        32.9
      ],
      "neg_yaw_std": [
        38.12204086876777,
        38.732931724825576,
        38.01170872244498
      ]
    },
    "exp_eta2.0": {
      "power_mean": 25541191.67373707,
      "power_std": 5258814.143469788,
      "neg_yaw_mean": [
        19.6,
        24.5,
        24.6
      ],
      "neg_yaw_std": [
        11.84229707446997,
        7.473285756613352,
        8.039900496896712
      ]
    },
    "exp_eta5.0": {
      "power_mean": 27796100.278952897,
      "power_std": 4452030.263926429,
      "neg_yaw_mean": [
        14.4,
        14.5,
        14.7
      ],
      "neg_yaw_std": [
        7.787168933572714,
        9.728823155962905,
        8.544588931013593
      ]
    },
    "inverse_eta0.5": {
      "power_mean": 24867133.454992235,
      "power_std": 5551170.558346811,
      "neg_yaw_mean": [
        56.0,
        57.6,
        58.9
      ],
      "neg_yaw_std": [
        62.09186742239277,
        57.94342067914182,
        58.04041695232728
      ]
    },
    "inverse_eta1.0": {
      "power_mean": 27872307.995313246,
      "power_std": 3006844.960713575,
      "neg_yaw_mean": [
        53.9,
        54.5,
        52.0
      ],
      "neg_yaw_std": [
        44.48921217553756,
        46.362161295608296,
        44.22668877499196
      ]
    },
    "inverse_eta2.0": {
      "power_mean": 24779020.3215745,
      "power_std": 6792637.608937235,
      "neg_yaw_mean": [
        29.5,
        34.3,
        35.1
      ],
      "neg_yaw_std": [
        31.957002362549588,
        33.64238398211399,
        33.05888685361321
      ]
    },
    "inverse_eta5.0": {
      "power_mean": 26592875.439328767,
      "power_std": 5294088.361455831,
      "neg_yaw_mean": [
        22.0,
        24.8,
        24.7
      ],
      "neg_yaw_std": [
        14.345731072343439,
        12.480384609458156,
        12.231516668017912
      ]
    }
  },
  "flexibility": {
    "unconstrained": {
      "power_mean": 26333522.461272515,
      "power_std": 4636172.115930496,
      "neg_yaw_mean": [
        45.7,
        54.9,
        52.6
      ]
    },
    "budgets": {
      "5": {
        "power_mean": 26369654.78750945,
        "power_std": 3907998.038882475,
        "neg_yaw_mean": [
          74.0,
          76.1,
          86.0
        ],
        "neg_yaw_std": [
          55.86233077844139,
          57.18470075116246,
          53.63207995220771
        ],
        "pct_unconstrained": 100.13721038000166
      },
      "10": {
        "power_mean": 25195580.801341463,
        "power_std": 5262577.685840955,
        "neg_yaw_mean": [
          25.5,
          25.5,
          26.8
        ],
        "neg_yaw_std": [
          25.904632790294478,
          22.75192299565028,
          23.391451429956202
        ],
        "pct_unconstrained": 95.6787335928774
      },
      "15": {
        "power_mean": 29203240.888619997,
        "power_std": 1814129.7776286553,
        "neg_yaw_mean": [
          20.1,
          20.9,
          21.0
        ],
        "neg_yaw_std": [
          9.060353193998566,
          8.619164692706596,
          10.019980039900279
        ],
        "pct_unconstrained": 110.89758664670798
      },
      "25": {
        "power_mean": 26096022.214034803,
        "power_std": 4138871.294615498,
        "neg_yaw_mean": [
          17.2,
          20.1,
          20.1
        ],
        "neg_yaw_std": [
          15.619218930535549,
          14.624978632463023,
          14.92280134559192
        ],
        "pct_unconstrained": 99.09810680440876
      },
      "50": {
        "power_mean": 26155730.38321971,
        "power_std": 6188260.417937114,
        "neg_yaw_mean": [
          27.2,
          39.9,
          39.4
        ],
        "neg_yaw_std": [
          22.5867217630182,
          17.369225659193905,
          18.7040102651811
        ],
        "pct_unconstrained": 99.32484505893856
      },
      "75": {
        "power_mean": 27709721.0479805,
        "power_std": 3593483.0342583833,
        "neg_yaw_mean": [
          54.1,
          53.8,
          62.0
        ],
        "neg_yaw_std": [
          24.549745416195258,
          24.983194351403508,
          18.24280680158621
        ],
        "pct_unconstrained": 105.22603304868119
      },
      "100": {
        "power_mean": 22348865.948372073,
        "power_std": 6125003.4791949075,
        "neg_yaw_mean": [
          33.2,
          50.4,
          74.9
        ],
        "neg_yaw_std": [
          40.221387345540435,
          41.99571406703308,
          38.074794812316455
        ],
        "pct_unconstrained": 84.86850166452099
      }
    }
  },
  "timing": {
    "baseline_ms": 23.564042099751532,
    "ac_ms": 28.233879915438592,
    "overhead_ms": 4.66983781568706,
    "overhead_pct": 19.817643322476922
  }
}