{
  "unconstrained": {
    "power_mean": 27054647.30771322,
    "power_se": 558663.3466949054,
    "neg_yaw_mean": [
      90.5,
      92.74,
      107.8
    ]
  },
  "blend": {
    "power_mean": 26878242.093708973,
    "power_se": 682561.8411365779,
    "neg_yaw_mean": [
      14.14,
      14.04,
      14.74
    ],
    "sigma_mean": 0.8392412350418047,
    "budget_satisfied": true
  },
  "pct_uncon": 99.34796705350523,
  "meta": {
    "budget": 15,
    "sharpness": 3.0,
    "sigma_max": 1.0,
    "n_episodes": 50,
    "checkpoint": "runs/ebt_wf_seed2/checkpoints/step_100000.pt"
  }
}