{
  "unconstrained": {
    "power_mean": 26513934.855672617,
    "power_se": 637288.6204098796,
    "neg_yaw_mean": [
      107.04,
      93.36,
      99.58
    ]
  },
  "blend": {
    "power_mean": 28030112.700768605,
    "power_se": 559505.5113910233,
    "neg_yaw_mean": [
      14.04,
      13.42,
      14.24
    ],
    "sigma_mean": 0.7822601916518528,
    "budget_satisfied": true
  },
  "pct_uncon": 105.71841883654476,
  "meta": {
    "budget": 15,
    "sharpness": 10.0,
    "sigma_max": 1.0,
    "n_episodes": 50,
    "checkpoint": "runs/ebt_wf_seed2/checkpoints/step_100000.pt"
  }
}